"DETLOC","fullA"
"ABRDNWA","210 EAST MARKET ST ABERDEEN WA"
"ABTHOLD","12071 FM 3522 ABILENE TX"
"ABRXSPA","1000 ACADEMY DRIVE MORGANTOWN PA"
"RICRANS","39 HOWARD AVE CRANSTON RI"
"ADACOID","7210 BARRISTER DRIVE BOISE ID"
"ADAMSWA","210 W BRAODWAY RITZVILLE WA"
"ADAMSCO","1901 E BRIDGE STREET BRIGHTON CO"
"ADAMSPA","45 MAJOR BELL LANE GETTYSBURGH PA"
"ADDCOVT","35 COURT STREET MIDDLEBURY VT"
"ADLNTCA","10250 RANCHO ROAD ADELANTO CA"
"AGAHOLD","108 HERNAN CORTEZ AV HAGATNA GU"
"AGC","505 CORNER BELT AND GUN ST. AGUADILLA PR"
"AIRHOPR","LUIS MUNOZ MARIN INTR AIRPORT ISLA VERDE PR"
"ALAMCNC","109 SOUTH MAPLE STREET GRAHAM NC"
"ALMHOLD","1921 STATE STREET ALAMOSA CO"
"ALBANWY","ALBANY COUNTY COURTHOUSE LARAMIE WY"
"ALBCONY","840 ALBANY SHAKER ROAD ALBANY NY"
"ALBHOLD","1086 TROY-SCHENECTADY RD LATHAM NY"
"ALBEMVA","UNAVAILABLE CHARLOTTESVILLE VA"
"ABQHOLD","1720 RANDOLPH ROAD ALBUQUERQUE NM"
"ALEXAVA","2003 MILL ROAD ALEXANDRIA VA"
"JENATLA","1511 ARNOLD DRIVE ALEXANDRIA LA"
"BHCALCA","4619 N ROSEMEAD BLVD. ROSEMEAD CA"
"ALHAMCA","211 S. FIRST ST. ALHAMBRA CA"
"ALLEGNY","4884 STATE ROUTE 19 BELMONT NY"
"ALLEGPA","950 SECOND AVENUE PITTSBURGH PA"
"APPSCLA","7340 HIGHWAY 26 WEST OBERLIN LA"
"BOPALM","P.O. BOX 2500 WHITE DEER PA"
"BOPALF","P.O. BOX 1500 WHITE DEER PA"
"BOPALP","PO BOX 3500 WHITE DEER PA"
"APIBHCA","7050 PARKWAY DR LA MESA CA"
"AMTHOLD","8601 E. AMARILLO BLVD AMARILLO TX"
"AGMDCCA","1025 S ANAHEIM BLVD ANAHEIM CA"
"ANCHOAK","1400 E. 4TH AVE ANCHORAGE AK"
"ANDROME","2 TURNER STREET AUBURN ME"
"ANGELTX","C.S.C. LUFKIN C.F.113 N. SECOND ST. LUFKIN TX"
"AAORDMD","600 E. ORDNANCE ROAD GLEN BURNIE MD"
"AKPSYNJ","SULLIVAN WAY W. TRENTON NJ"
"ANJUVMN","7555 4TH AVENUE LINO LAKES MN"
"APACHAZ","370 SOUTH WASHINGTON ST ST JOHNS AZ"
"ARAPACO","3686 SOUTH COURT PLACE LITTLETON CO"
"ARCHUCO","449 SAN JUAN STREET PAGOSA SPRINGS CO"
"AZDCTUC","10000 SOUTH WILMOT TUCSON AZ"
"ARDCTEX","100 NORTH STATELINE AVENUE, BOX 21 TEXARKANA AR"
"ARLCOVA","1435 NORTH COURTHOUSE ROAD ARLINGTON VA"
"AROOSME","15 BROADWAY HOULTON ME"
"ARRMCCA","400 N. PEPPER AVENUE COLTON CA"
"AFRC","1300 W. RICHEY AVENUE ARTESIA NM"
"NYARTHC","2911 ARTHUR KILL ROAD STATEN ISLAND NY"
"BOPASH","ST RT 716 ASHLAND KY"
"ATASCTX","C/O JAIL ADMINISTRATOR JOURDANTON TX"
"ATCHIKS","518 PARALLEL STREET ATCHINSON KS"
"ATTHOLD","109 W CORSICANA STREET ATHENS TX"
"ATLANGA","254 PEACHTREE STREET SOUTHWEST ATLANTA GA"
"ATLHOLD","77 FORSYTH ST., SW. ATLANTA GA"
"ASHRSFL","4545 NORTH FEDERAL HIGHWAY FORT LAUDERDALE FL"
"BOPATW","#1 FEDERAL WAY, PO BOS 019000 ATWATER CA"
"AUDRNMO","1100 LITTLEBY ROAD MEXICO MO"
"AURORCO","1500 EAST ALAMEDA DRIVE AURORA CO"
"AUSHOLD","300 EAST 8TH STREET AUSTIN TX"
"AVPARLA","675 GOVERNMENT STREET MARKSVILLE LA"
"AVWOMLA","675 GOVERNMENT ST MARKSVILLE LA"
"IWAHOLD","UNAVAILABLE MESA AZ"
"CACFBAK","10 LAKEVIEW DRIVE BAKER CA"
"BAKERFL","1 SHERIFF OFFICE DRIVE MACCLENNY FL"
"BKLHOLD","800 TRUXTUN BAKERSFIELD CA"
"BALDWAL","200 HAND AVE. BAY MINETTE AL"
"BALHOLD","1530 CATON CENTER DRIVE BALTIMORE MD"
"BANNOID","5800 SOUTH 5TH AVE POCATELLO ID"
"BARNSMA","ROUTE 6 COURTHOUSE COMPLEX, BOX 397 BARNSTABLE MA"
"BARRECA","21077 LYONS VALLEY ROAD ALPINE CA"
"BASCOTX","C/O JAIL ADMINISTRATOR BASTROP TX"
"BOPBAS","P.O. BOX 730 BASTROP TX"
"BAYCOFL","5600 NEHI ROAD PANAMA CITY FL"
"BAYAMPR","100 LAUREL AVENUE BAYAMON PR"
"BEACOSD","BOX 42 HURON SD"
"BOPBMP","4550 HEBERT RD., PO BOX 26035 BEAUMONT TX"
"BOPBMA","P.O. BOX 26015 BEAUMONT TX"
"BOPBML","4550 HEBERT RD., PO BOX 26025 BEAUMONT TX"
"BOPBMM","4550 HEBERT RD., PO BOX 26045 BEAUMONT TX"
"BEAURLA","412 MAYEAUX DRIVE DE RIDDER LA"
"BEAVRPA","6000 WOODLAWN BOULEVARD ALIQUIPPA PA"
"BVRHDMT","2 SOUTH PACIFIC DILLON MT"
"BOPBEC","P.O. BOX 1280 BEAVER WV"
"BEDFOPA","204 THOMAS STREET BEDFORD PA"
"BEDFOOH","5661 PERKINS ROAD BEDFORD HTS OH"
"BEDCITX","2121 L DON DODSON DRIVE BEDFORD TX"
"BELKNNH","76 COUNTY DR LACONIA NH"
"BELCOTX","111 W. CENTRAL BELTON TX"
"BELJUTX","4800 EAST RANCIER KILLEEN TX"
"BELPDMI","6 MAIN ST. BELLEVILLE MI"
"BEHOSNY","462 1ST AVENUE NEW YORK NY"
"BLHHOLD","1431 SUNSET AVE FERNDALE WA"
"BPHOSOH","615 CHURCH HILL-HUBBARD ROAD YOUNGSTOWN OH"
"BENTCCO","11100 COUNTY RD GG 75 LAS ANIMAS CO"
"BENTOAR","1300 SW 14TH STREET BENTONVILLE AR"
"BENTOIA","113 E 3RD ST VINTON IA"
"BENTOWA","7320 W. QUINAULT KENNEWICK WA"
"BENTOMN","581 HIGHWAY 23 NE FOLEY MN"
"BERGENJ","160 SOUTH RIVER STREET HACKENSACK NJ"
"BEJUVPA","1261 COUNTY WELFARE ROAD LEESPORT PA"
"BEFAMPA","1040 BERKS ROAD LEESPORT PA"
"BERKSPA","1287 COUNTY WELFARE ROAD LEESPORT PA"
"BESECPA","1261 COUNTY WELFARE ROAD LEESPORT PA"
"BRKHOLD","1243 COUNTY WELFARE RD LEESPORT PA"
"BERNANM","415 ROMA N.W. ALBUQUERQUE NM"
"BWDGICA","818 N. HILL ST. LOS ANGELES CA"
"BWMARCA","800 BAY MARINA DR NATIONAL CITY CA"
"ISHOSNY","305 1ST AVENUE # DAZIAN 7 NEW YORK NY"
"BEXARTX","C/O JAIL ADMINISTRATOR SAN ANTONIO TX"
"BEXJUTX","600 MISSION ROAD SAN ANTONIO TX"
"WCCBXTX","1211 WEST TRAVIS STREET SAN ANTONIO TX"
"BHCELLA","5650 READ BLVD NEW ORLEANS LA"
"BIGHOMT","COUNTY COURTHOUSE HARDIN MT"
"BIGHOWY","BOX 69 BASIN WY"
"BOPBIG","1900 SIMLER BIG SPRING TX"
"BSCHOLD","1701 APRON DRIVE BIG SPRING TX"
"BILHOLD","2900 4TH AVE NORTH BILLINGS MT"
"BINGHID","501 NORTH MAPLE BLACKFOOT ID"
"BHMHOLD","UNAVAILABLE HOMEWOOD AL"
"BLACKIA","225 E. 6TH STREET WATERLOO IA"
"BLAINMT","400 OHIO ST CHINOOK MT"
"BLANCTX","C/O COUNTY SHERIFF JOHNSON CITY TX"
"BLOUNTN","940 LAMAR ALEXANDER PARKWAY MARYVILLE TN"
"BLOJVTN","329 COURT ST MARYVILLE TN"
"BOIHOLD","1185 S. VINNELL WAY BOISE ID"
"BONNRID","4001 N, BOYER AVE SANDPOINT ID"
"BONNEID","605 NORTH CAPITAL IDAHO FALLS ID"
"BOONEKY","3020 CONRAD LANE BURLINGTON KY"
"BOSHOLD","10 NEW ENGLAND EXECUTIVE PARK BURLINGTON MA"
"BPC","U.S. COAST GUARD SUPPORT CENTER BOSTON MA"
"BOTTIND","314 WEST FIFTH ST. BOTTINEAU ND"
"BOULDCO","1777 6TH ST. BOULDER CO"
"BOUNDID","6438 KOOTENAI BONNERS FERRY ID"
"BOWCOTX","100 N. STATE LINE TEXARKANA TX"
"BOXBUNE","512 NIOBRARA AVENUE ALLIANCE NE"
"BOXELUT","21 SOUTH MAIN BRIGHAM UT"
"BRADEFL","515 11TH STREET WEST BRADENTON FL"
"BRAZITX","3602 COUNTY ROAD 45 ANGELTON TX"
"BRAZOTX","300 E 26TH ST # 105 BRYAN TX"
"BREMEIA","111 4TH STREET NE WAVERLY IA"
"BREVDFL","860 CAMP ROAD COCOA FL"
"BREWSTX","307 WEST SUL ROSS AVENUE ALPINE TX"
"CTBRICC","1106 NORTH AVENUE BRIDGEPORT CT"
"MABSHOS","BRIDGEWATER STATE HOSPITAL BRIDGEWATER MA"
"BRINDMA","400 FAUNCE CORNER ROAD NORTH DARTMOUTH MA"
"BRINBMA","226 ASH ST NEW BEDFORD MA"
"BSAHOLD","1930 BEACH STREET BROADVIEW IL"
"BROADMT","519 BROADWAY TOWNSEND MT"
"BHFLDMI","165 N. WASIHNGTON AVENUE BATTLE CREEK MI"
"BROPDIL","8820 BROOKFIELD AVEN BROOKFIELD IL"
"BROOKSD","315 7TH AVENUE BROOKINGS SD"
"BOPBRO","100 29TH STREET BROOKLYN NY"
"BROKSTX","901 COUNTY ROAD 201 FALFURRIAS TX"
"BROOKTX","801 COUNTY ROAD 201 FALFURRIAS TX"
"BROMMNY","897 FRONT STREET BINGHAMPTON NY"
"BROOMCO","11600 RIDGE PARKWAY BROOMFIELD CO"
"BROCRFL","P.O. BOX 8540 PEMBROKE PINES FL"
"BROJAFL","555 SE 1ST AVENUE FT.LAUDERDALE FL"
"BRGMCFL","1600 SOUTH ANDREWS AVENUE FT. LAUDERDALE FL"
"WCCPBFL","3900 NORTH POWERLINE ROAD POMPANO BEACH FL"
"BROWNSD","22 SE COURT STREET ABERDEEN SD"
"BRNPDMI","23125 KING ROAD BROWNSTOWN MI"
"BRULESD","300 SOUTH COURTLAND CHAMBERLAIN SD"
"BRCHOLD","515 INDUSTRIAL PARK ROAD BRUSH CO"
"BRYANGA","95 PUBLIC SAFETY WAY PEMBROKE GA"
"BSCORTX","3700 WRIGHT AVENUE BIG SPRING TX"
"BSCDRTX","3711 WRIGHT AVENUE BIG SPRING TX"
"BSFLTTX","2001 RICKABAUGH DR BIG SPRING TX"
"BSGDFTX","805 N. AVENUE F POST TX"
"BSNTRTX","1801 W. I-20 BIG SPRING TX"
"BUCKSPA","MAIN AND COURT STS DOYLESTOWN PA"
"BUENAIA","411 EXPANSION BLVD STORM LAKE IA"
"BTV","4250 FEDERAL DRIVE BATAVIA NY"
"NYBUFFC","3052 WENDE ROAD ALDEN NY"
"BUFHOLD","130 DELAWARE AVE BUFFALO NY"
"BULLOGA","17257 HWY 301 N STATESBORO GA"
"BURLEND","P.O. BOX 1416 BISMARCK ND"
"BURNETX","JAIL ADMINISTRATOR BURNET TX"
"BUTLEKS","701 SE STONE ROAD EL DORADO KS"
"BUTLEOH","705 HANOVER STREET HAMILTON OH"
"BUTLEPA","121 VOGELEY WAY BUTLER PA"
"BOPBUT","P.O. BOX 1000 BUTNER NC"
"SILBOMT","155 WEST QUARTZ STREET BUTTE MT"
"BFGHITX","5708 HARDY ST HOUSTON TX"
"CBRRSNC","30 CORBAN AVENUE SE CONCORD NC"
"CACHEUT","50 WEST 200 NORTH LOGAN UT"
"CALCALA","5410 EAST BROAD STREET LAKE CHARLES LA"
"CALDWMO","280 WEST MAIN STREET KINGSTON MO"
"CALDWTX","C/O SHERIFF LOCKHART TX"
"CALHOMI","185 EAST MICHIGAN AVENUE BATTLE CREEK MI"
"CAMENCE","HIGHWAY 1  PO BOX 8101 SAN LUIS OBISPO CA"
"CAMENCW","HIGHWAY 1 PO BOX 8101 SAN LUIS OBISPO CA"
"CACTYCA","22844 VIRGINIA BOULEVARD CALIFORNIA CITY CA"
"CASPSAT","CA. SUBSTANCE ABUSE TREATMENT FACILITY CORCORAN CA"
"CASPCAL","7018 BLAIR ROAD CALIPATRIA CA"
"CALLAMO","1201 STATE ROAD O FULTON MO"
"CAMBRPA","425 MANOR DRIVE EBENSBURG PA"
"CAMDENJ","830 FEDERAL STREET CAMDEN NJ"
"CAMERTX","954 E. HARRISON BROWNSVILLE TX"
"DODGEIA","7105 NW 7OTH AVE. JOHNSTON IA"
"CAMCOWY","600 WEST BOXELDER GILLETTE WY"
"CANADOK","208 W. ROGERS EL RENO OK"
"CANYNID","219 N. 12TH AVENUE CALDWELL ID"
"CARBOPA","ROUTE 93 & BROAD STREET NESQUEHONING PA"
"CARBOWY","BOX 190 RAWLINS WY"
"CARROMD","100 NORTH COURT STREET WESTMINSTER MD"
"BOPCRW","J STREET, BUIDING 300 FORT WORTH TX"
"CARTEOK","100 S. WASHINGTON ARDMORE OK"
"CARJAMN","600 EAST FOURTH ST. CHASKA MN"
"CAJUVMN","600 EAST FOURTH ST. CHASKA MN"
"CGRMCAZ","1800 E. FLORENCE BL. CASA GRANDE AZ"
"CASSJCA","CASA DE SAN JUAN SAN DIEGO CA"
"CASCAMT","3800 ULM NORTH FRONTAGE ROAD GREAT FALLS MT"
"CSYJVNY","710 CEDAR AVE BUFFALO NY"
"CSPHOLD","150 E. B STREET CASPER WY"
"CASSCIA","5 W 7TH STREET, #H ATLANTIC IA"
"CASSCND","450 34TH STREET SOUTH FARGO ND"
"CASSCNE","336 MAIN STREET PLATTSMOUTH NE"
"CATAHLA","499 COLUMBIA HARRISONBURG ROAD HARRISONBURG LA"
"CATTANY","301 COURT STREET LITTLE VALLEY NY"
"CAYUGNY","7445 COUNTY HOUSE RD, PO BOX518 AUBURN NY"
"CCFAMNV","CLARK COUNTY FAMILY & YOUTH SERVICES LAS VEGAS NV"
"CCADCAZ","1155 NORTH PINAL PARKWAY FLORENCE AZ"
"CCAFLAZ","1100 BOWLING ROAD FLORENCE AZ"
"CACFLEO","2800 APPRICOT ST LIVE OAK CA"
"CADCCAL","7018 BLAIR ROAD CALIPATRIA CA"
"CEDARNE","101 EAST CENTRE STREET HARTINGTON NE"
"CRIHOLD","UNAVAILABLE CEDAR RAPIDS IA"
"CEMEDFL","1400 NW 12TH AVE MIAMI FL"
"CNTGRIL","3701 DOTY ST WOODSTOCK IL"
"CAMEDAZ","450 ADAMSVILLE FLORENCE AZ"
"CENTRWV","300 DAYS DRIVE SUTTON WV"
"WACLATX","218 S. LAREDO ST SAN ANTONIO TX"
"CVREGVA","13021 JAMES MADISON HWY ORANGE COUNTY VA"
"CENTRPA","COURTHOUSE BELLEFONTE PA"
"CMEDHPR","BARRIO MONACILLOS SAN JUAN PR"
"CRTOSCA","10802 COLLEGE PLACE CERRITOS CA"
"CHAFFCO","P.O. BOX 699 SALIDA CO"
"CHARLSD","501 EAST LAKE STREET LAKE ANDES SD"
"CHARLSC","3841 LEEDS AVENUE NORTH CHARLESTON SC"
"CHLHOLD","3950 FABER PLACE DR CHARLESTON SC"
"CHAHOLD","UNAVAILABLE ST. THOMAS VI"
"CHRLTFL","26601 AIRPORT RD PUNTA GORDA FL"
"CLTHOLD","UNAVAILABLE CHARLOTTE NC"
"CHASEKS","301 SOUTH WALNUT STREET COTTONWOOD FALLS KS"
"CHATHGA","1050 CARL GRIFFEN DRIVE SAVANNAH GA"
"CNGHOLD","UNAVAILABLE CHATTANOOGA TN"
"CHACONY","15 E. CHAUTAUQUA STREET MAYVILLE NY"
"CHAVENM","3701 S. ATKINSON ROSWELL NM"
"CHELAWA","401 WASHINGTON ST 2ND FLOOR WENATCHEE WA"
"CHEMUNY","211 WILLIAM STREET ELMIRA NY"
"CHEROAL","201 N. RIVER STREET CENTRE AL"
"CHEROOK","213 WEST DELAWARE STREET TAHLEQUAH OK"
"CHEROGA","498 CHATTIN DRIVE CANTON GA"
"CHEROIA","111 NORTH 5TH STREET CHEROKEE IA"
"CHESTPA","17 N CHURCH ST WEST CHESTER PA"
"CHEYENE","1000 10TH AVENUE. PO BOX 75 SIDNEY NE"
"CHYHOLD","308 W. 21ST STREET CHEYENNE WY"
"BOPCCC","71 W. VAN BUREN STREET CHICAGO IL"
"CHIPPMI","325 COURT STREET SAULT SAINTE MARIE MI"
"MICHIRE","4269 W M 80 KINCHELOE MI"
"VTCHTDN","7 FARRELL STREET SOUTH BURLINGTON VT"
"CHOUTMT","P.O. BOX 459 FORT BENTON MT"
"CHRISMO","110 WEST ELM OZARK MO"
"CHRISKY","410 WEST 7TH STREET, HOPKINSVILLE KY"
"CIBOCNM","2000 CIBOLA LOOP MILAN NM"
"CIBOLNM","P.O. BOX 3540 GRANTS NM"
"CITRUFL","2604 W. WOODLAND RIDGE DR. LECANTO FL"
"CLARIPA","309 AMGLER AVE. SHIPPENVILLE PA"
"CLARKID","501 EAST COURT AVENUE, DUBOIS ID"
"CLJUVWA","500 WEST 11TH STREET VANCOUVER WA"
"CLAJUIN","609 MEIGS AVENUE, JEFFERSONVILLE IN"
"CLARKWA","OFFICE OF THE SHERIFF VANCOUVER WA"
"CLARKIA","100 S MAIN ST OSCEOLA IA"
"CFREDVA","141 FT COLLIER ROAD WINCHESTER VA"
"CLATSOR","636 DUANE STREET ASTORIA OR"
"CLAYCMN","BOX 280 MOORHEAD MN"
"CLACOMO","14 S. WATER LIBERTY MO"
"CLACOSD","15 WASHINGTON STREET VERMILLION SD"
"CLAYCFL","901 N. ORANGE AVENUE GREENCOVE SPRING FL"
"CLAYCIN","611 EAST JACKSON STREET BRAZIL IN"
"CLEARCO","P.O. BOX 2000 GEORGETOWN CO"
"CLEARPA","410 21ST STREET CLEARFIELD PA"
"CLEHOLD","1240 E. 9TH STREET, ROOM 585 CLEVELAND OH"
"NYCLINC","1074 COOK ST RTE 374 DANNEMMORA NY"
"CLINTPA","419 SHOEMAKER ROAD LOCK HAVEN PA"
"CLINTIN","301 E WALNUT STREET FRANKFORT IN"
"CLICONY","25 MCCARTHY DRIVE PLATTSBURGH NY"
"CLINTIA","241 7TH AVENUE NORTH CLINTON IA"
"CBENDTX","4909 FM (FARM TO MARKET) 2826 ROBSTOWN TX"
"COBBJGA","1825 COUNTY SERVICES PARKWAY MARIETTA GA"
"COJUVAZ","721 GONZALEZ HUACHUCA CITY AZ"
"COCHIAZ","203 NORTH JUDD DRIVE BISBEE AZ"
"COCONAZ","952 E. SAW MILL ROAD FLAGSTAFF AZ"
"CODINSD","119 SOUTH MAPLE WATERTOWN SD"
"BOPCOL","P.O. BOX 909 (LOW), BOX 849 (MEDIUM) COLEMAN FL"
"COLESIL","701 7TH STREET CHARLESTON IL"
"COLFANE","411 EAST 11TH STREET SCHUYLER NE"
"COLLIFL","3301 TAMIAMI TRAIL EAST NAPLES FL"
"CODCCSP","2862 SOUTH CIRCLE DRIVE #100 COLO. SPGS CO"
"COLOMNY","85 INDUSTRIAL TRACT HUDSON NY"
"COMHICO","1600 WEST 24TH STREET PUEBLO CO"
"COLQUGA","COLQUITT COUNTY SHERIFFS DEPT. MOULTRIE GA"
"COLCASC","7901 FARROW ROAD COLUMBIA SC"
"COLUMPA","721 IRON ST. BLOOMSBURG PA"
"COLUMOR","901 PORT AVENUE SAINT HELENS OR"
"CFALSMT","130 6TH ST. W. COLUMBIA FALLS MT"
"CKHOSFL","11750 S.W. BIRD RD. MIAMI FL"
"COAHOLD","1835 ASSEMBLY DRIVE, ROOM 1569 COLUMBIA SC"
"CLMHOLD","50 WEST BROAD ST COLUMBUS OH"
"COMALTX","C/O JAIL ADMINISTRATOR NEW BRAUNFELS TX"
"COMFTFL","3901 SW 117TH AVE. MIAMI FL"
"CMPJVNY","370 LINWOOD AVE BUFFALO NY"
"CONCOLA","26356 HWY 15 FERRIDAY LA"
"CONEJCO","14044 CO ROAD G5 ANTONITO CO"
"CONCOCA","1000 WARD STREET MARTINEZ CA"
"CONWECA","5555 GIANT HIGHWAY RICHMOND CA"
"CONVEWY","107 NORTH 5TH STREET DOUGLAS WY"
"CCHOSIL","1900 WEST POLK ST CHICAGO IL"
"CCHHSIL","1969 W OGDEN AVE CHICAGO IL"
"AKCOOKI","1300 E 4TH AVENUE ANCHORAGE AK"
"COOKETX","301 SOUTH CHESTNUT ST GAINSVILLE TX"
"COOSCOR","COOS COUNTY SHERIFF'S OFFICE COQUILLE OR"
"CCALEKS","100 HIGHWAY TERRACE LEAVENWORTH KS"
"CTCORCI","986 NORWICH-NEW LONDON TURNPIKE UNCASVILLE CT"
"CORCONY","54 GREENBUSH STREET CORTLAND NY"
"CORTYTX","COUNTY SHERIFF COPPERAS COVE TX"
"COSTACA","301 VICTORIA ST. COSTA MESA CA"
"COSTICO","103 GASPER STREET SAN LUIS CO"
"COWLIWA","312 FIRST AVE WEST KELSO WA"
"COWJVWA","1725 1ST AVE. LONGVIEW WA"
"CRGHOLD","466 TUCKER STREET CRAIG CO"
"CRAWFIA","1119 1ST AVE DENISON IA"
"CRAWFMI","200 WEST MICHIGAN GRAYLING MI"
"CROWGMN","313 LAUREL ST BRAINERD MN"
"CRYCCTX","6901 N HIGHWAY 83 CRYSTAL CITY TX"
"CSCSFGA","6500 WATSON STREET UNION CITY GA"
"CASPSAC","100 PRISON ROAD REPRESA CA"
"CASPSOL","2100 PEABODY ROAD VACAVILLE CA"
"CATFSOL","P.O. BOX 686 SOLEDAD CA"
"CULBETX","301 LA CAVERNA VAN HORN TX"
"CULPEVA","131 W. CAMERON ST. CULPEPER VA"
"NEW608","204 GILLESPIE ST FAYETTEVILLE NC"
"CUMBEME","50 COUNTY WAY PORTLAND ME"
"CUMBEIL","228 NORTH CENTRAL AVENUE PARIS IL"
"BOPCUM","14601 BURBRIDGE ROAD SE CUMBERLAND MD"
"CURRYNM","801 MITCHELL STREET CLOVIS NM"
"CUSTEMT","1010 MAIN STREET MILES CITY MT"
"DADECFL","1321 NW 13 STREET MIAMI FL"
"DAKOTNE","1601 BROADWAY DAKOTA CITY NE"
"BOPDAL","805 NORTH AVENUE F POST TX"
"VTDCORR","103 SOUTH MAIN STREET WATERBURY VT"
"HAILEID","1115 ALBANY CALDWELL ID"
"DALCOTX","111 WEST COMMERCE STREET DALLAS TX"
"DALCOIA","201 NORTH 8TH STREET ADEL IA"
"DALHOLD","8101 N STEMMONS FWY DALLAS TX"
"BOPDAN","ROUTE 37 DANBURY CT"
"DANCOWI","21 MARTIN LUTHER KING DRIVE MADISON WI"
"DAPHNAL","1502 US HWY 98 DAPHNE AL"
"DAUPHPA","501 MALL ROAD HARRISBURG PA"
"DAVIDTN","448 2ND AVENUE NASHVILLE TN"
"DAVISUT","800 WEST STATE STREET FARMINGTON UT"
"DAVISSD","1015 SOUTH MILLER AVENUE MITCHELL SD"
"DAWSOMT","207 WEST BELL GLENDIVE MT"
"DAWSONE","709 N GRANT ST LEXINGTON NE"
"DCDOCDC","1923 VERMONT AVENUE NORTHWEST WASHINGTON DC"
"DEAPDMI","16099 MICHIGAN AVE DEARBORN MI"
"DEKALAL","2801 JORDAN ROAD FORT PAYNE AL"
"DEKALGA","4415 MEMORIAL DR DECATUR GA"
"DEKABAL","2801 JORDAN RD SW FT PAYNE AL"
"DLAMOCA","23700 CAMINO DEL SOL TORRANCE CA"
"DLRHOLD","2401 DODSON AVENUE DEL RIO TX"
"DHDFNJ","451 DOREMUS AVENUE NEWARK NJ"
"DELAWPA","500 CHAYNEY ROAD THORNTON PA"
"DELWAOH","844 US 42 NORTH DELAWARE OH"
"DELAWNY","COURT HOUSE SQUARE, 280 PHOEBEE LANE DELHI NY"
"DELTACO","P.O. BOX 172 DELTA CO"
"DENTOTX","127 NORTH WOODROW LANE DENTON TX"
"DENCICO","1330 CHEROKEE STREET DENVER CO"
"DENICDF","3130 N. OAKLAND ST. AURORA CO"
"DENVECO","10500 EAST SMITH ROAD DENVER CO"
"DNHMCCO","777 BANNOCK STREET DENVER CO"
"DENHOLD","4730 PARIS ST. DENVER CO"
"DEPCOGU","3 MASHBURN LANE MANGILAO GU"
"GUDOCHG","203 ASPINALL AVENUE HAGATNA GU"
"DEPYOGU","169 SAN ISIDRO ST., BLDG. C BARRIGADA GU"
"DSMHOLD","UNAVAILABLE DES MOINES IA"
"DESCHOR","DESCHUTES COUNTY SHERIFF'S DEPARTMENT BEND OR"
"DSRTVCA","16850 BEAR VALLEY ROAD VICTORVILLE CA"
"DVPSYAZ","570 WEST BROWN ROAD MESA AZ"
"BOPDEV","ISM DEPARTMENT AYER MA"
"DEVILND","222 WEST WALNUT DEVILS LAKE ND"
"DEWITIL","101 WEST WASHINGTON CLINTON IL"
"DICKETX","100 AIRPORT RD. SPUR TX"
"WIDODGE","1 WEST LINCOLN STREET WAUPUN WI"
"DODGEWI","215 WEST CENTRAL STREET JUNEAU WI"
"DODGENE","428 NORTH BROAD STREET FREMONT NE"
"DVHOSTX","400 HWY 77 WEST SAN BENITO TX"
"DONAANM","1850 COPPER LOOP LAS CRUCES NM"
"DORCHMD","829 FIELDCREST ROAD CAMBRIDGE MD"
"DOUGLWI","1409 HAMMOND AVENUE SUPERIOR WI"
"DOUGLMN","BOX 56 ALEXANDRIA MN"
"DOUGLOR","DOUGLAS COUNTY SHERIFF'S OFFICE ROSEBURG OR"
"DOCORNE","710 SOUTH 17TH ST OMAHA NE"
"DUGLSCO","4000 JUSTICE WAY CASTLE ROCK CO"
"DOUGLCO","355 SOUTH WILCOX CASTLE ROCK CO"
"DVDHOLD","1305 MCD DRIVE DOVER DE"
"DRURYCO","4380 PEORIA ST DENVER CO"
"BOPDUB","5701 8TH ST - CAMP PARKS DUBLIN CA"
"DUPAGIL","501 NORTH COUNTY FARM ROAD WHEATON IL"
"DURHOLD","32 SHEPPARD DRIVE DURANGO CO"
"DUVALFL","500 EAST ADAMS STREET JACKSONVILLE FL"
"EAGLECO","885 CHAMBERS AVE. EAGLE CO"
"EBATOLA","2867 GENERAL ISAAC SMITH AVENUE SCOTLANDVILLE LA"
"EFELILA","11315 BANK STREET CLINTON LA"
"EHDLGTX","1330 HIGHWAY 107 LA VILLA TX"
"EMESACA","446 ALTA RD SAN DIEGO CA"
"WVEASTR","1406 CHARLES TOWN ROAD MARTINSBURG WV"
"EASTEVA","5245 THE HORNES EASTVILLE VA"
"ELJUVCA","1605 EASTLAKE AVE LOS ANGELES CA"
"ECOLOWA","13910 PACIFIC HIGHWAY S. TUKWILA WA"
"ECTORTX","2500 SOUTH HIGHWAY 385 ODESSA TX"
"EDDCONM","201 NORTH MAIN STREET CARLSBAD NM"
"EDENDTX","BOX 605 EDEN TX"
"EDCHOLD","HIGHWAY 87 EAST EDEN TX"
"BOPEDG","P.O. BOX 723 EDGEFIELD SC"
"ECC","1115 NORTH IMPERIAL AVENUE EL CENTRO CA"
"BOEHOLD","6451 BOEING DRIVE EL PASO TX"
"ELPASCO","2739 EAST LAS VEGAS COLORADO SPRINGS CO"
"ELPCOTX","P.O. BOX 125 EL PASO TX"
"ELPHOLD","8915 MONTANA AVE EL PASO TX"
"EPCJUVI","8915 MONTANA ST. EL PASO TX"
"EPC","8915 MONTANA AVE. EL PASO TX"
"BOPERE","HWY 66 WEST EL RENO OK"
"ELBERCO","P.O.BOX 486 KIOWA CO"
"ELGPDIL","151 DOUGLAS AVENUE ELGIN IL"
"ELZICDF","625 EVANS STREET ELIZABETH NJ"
"BOPELK","8730 SCROGGS ROAD ELKTON OH"
"ELMORID","2255 E. 8TH NORTH MOUNTAIN HOME ID"
"EAZ","1705 EAST HANNA RD. ELOY AZ"
"ELYRIOH","18 WEST AVENUE ELYRIA OH"
"EMBSYCO","4444 HAVANA ST. DENVER CO"
"EMMETIA","114 NORTH 6TH STREET ESTHERVILLE IA"
"BOPENG","9595 WEST QUINCEY  AVE LITTLETON CO"
"EQXJVNY","35 SOUTH FERRY ST ALBANY NY"
"EIRCONY","11581 WALDEN AVENUE ALDEN NY"
"ERICONY","40 DELAWARE AVE BUFFALO NY"
"EIRHONY","40 DELAWARE AVENUE BUFFALO NY"
"ERICOPA","1618 ASH STREET ERIE PA"
"ECMCBNY","462 GRIDER STREET BUFFALO NY"
"ESCAMAL","316 COURT ST. BREWTON AL"
"ESSEXMA","ESSEX COUNTY HOUSE OF CORRECTION MIDDLETON MA"
"ESSEXNJ","354 DOREMUS AVENUE NEWARK NJ"
"ESSEXNY","702 STOWERSVILLE ROAD LEWIS NY"
"BOPEST","P.O. BOX 699 ESTILL SC"
"ETOWAAL","827 FORREST AVENUE GADSDEN AL"
"ETWHOLD","UNAVAILABLE GADSDEN AL"
"EUGHOLD","211 EAST 7TH AVENUE EUGENE OR"
"EULESTX","1102 W. EULESS BLVD. EULESS TX"
"AKFAIRB","1931 EAGAN STREET FAIRBANKS AK"
"FXADCVA","10520 JUDICIAL DRIVE FAIRFAX VA"
"FAICOVA","4110 CHAIN BRIDGE RD FAIRFAX VA"
"BOPFAI","P.O. BOX 280 FAIRTON NJ"
"FAULKSD","924 LAFOON AVENUE FAULKTON SD"
"FAULKAR","801 LOCUST ST. CONWAY AR"
"FAYETKY","600 OLD FRANKFORD CR LEXINGTON KY"
"FAYETTX","C/O SHERIFF LA GRANGE TX"
"FAYHOLD","P.O. BOX 1188 2887 N POINT CIRCLE FAYETTEVILLE AR"
"BOPGIL","201 FCI LANE GLENVILLE WV"
"BOPVIM","UNAVAILABLE VICTORVILLE CA"
"FERRYWA","165 NORTH JEFFERSON REPUBLIC WA"
"FINNEKS","304 N. 9TH STREET GARDEN CITY KS"
"FIVECOH","18100 STATE ROUTE 4 MARYSVILLE OH"
"FLATHMT","800 SOUTH MAIN KALISPELL MT"
"BOPFLM","P.O. BOX 8500 FLORENCE CO"
"BOPFLF","P.O. BOX 6500 FLORENCE CO"
"FLO","3250 NORTH PINAL PARKWAY FLORENCE AZ"
"FSF","3250 NORTH PINAL PARKWAY FLORENCE AZ"
"BOPFLP","P.O. BOX 7500 FLORENCE CO"
"FLOYDIN","311 WEST 1ST ST NEW ALBANY IN"
"JAMESGA","3423 HIGHWAY 252 EAST FOLKSTON GA"
"FORDJKS","1111 MILITARY DODGE CITY KS"
"FORDJIL","235 NORTH AMERICAN STREET PAXTON IL"
"BOPFOR","P O BOX 7000 FOREST CITY AR"
"FORKSWA","500 EAST DIVISION FORKS WA"
"FORSYNC","201 NORTH CHURCH STREET WINSTON-SALEM NC"
"FTBENTX","1410 RANSOM ROAD RICHMOND TX"
"BOPFTD","HARTFORD & POINTVILLE, BUILDING 5756 FORT DIX NJ"
"FTLAUFL","1300 W.BROWARD BLVD. FT.LAUDERDALE FL"
"FMYHOLD","8860 SALROSE LANE FORT MYERS FL"
"FSAHOLD","UNAVAILABLE FORT SMITH AR"
"BOPFTW","3150 HORTON RD FT. WORTH TX"
"FRANKWA","1016 N 4TH ST PASCO WA"
"FRANKKY","400 COFFEETREE RD FRANKFORT KY"
"FRANKNC","285 T KEMP RD LOUISBURG NC"
"GREENMA","160 ELM STREET GREENFIELD MA"
"FRACONY","P.O. BOX 196 MALONE NY"
"FRANKME","RFD #3 BOX 3160 FARMINGTON ME"
"FRACOVT","30 LINCOLN AVENUE SAINT ALBANS VT"
"FREDEMD","7300 MARCIE'S CHOICE LANE FREDERICK MD"
"FCOHOLD","3770 PURITAN WAY FREDERICK CO"
"FRDHOLD","3770 PURITAN WAY FREDERICK CO"
"FREEBMN","411 SOUTH BROADWAY AVENUE ALBERT LEA MN"
"FREESTX","PO DRAWER 47 FAIRFIELD TX"
"FREMOID","146 NORTH SECOND WEST ST. ANTHONY ID"
"FREMOCO","100 JUSTICE CENTER ROAD CANON CITY CO"
"FREMOWY","450 NORTH 2ND STREET LANDER WY"
"FREMOIA","701 CASS STREET SIDNEY IA"
"FRECOCA","2200 FRESNO STREET FRESNO CA"
"FREHOLD","733 L STREET FRESNO CA"
"FRIOCTX","C/O SHERIFF PEARSALL TX"
"FRONTNE","PO BOX 320 CURTIS NE"
"FULCONY","PO BOX 20 JOHNSTOWN NY"
"GALLAMT","615 SOUTH 16TH STREET BOZEMAN MT"
"GARFICO","P.O. BOX 249/701 COLORADO GLENWOOD SPGS CO"
"CTGARCI","50 NUNNSWAUK ROAD NEWTOWN CT"
"GARVIOK","201 WEST GRANT AVENUE PAULS VALLEY OK"
"GASTNNC","425 NORTH MARIETTA STREET GASTONIA NC"
"GEAUGOH","12450 MERRITT DR CHARDON OH"
"GENESNY","14 W. MAIN STREET BATAVIA NY"
"GENEVOH","44 NORTH FOREST ST GENEVA OH"
"BAILECA","446 ALTA ROAD SAN DIEGO CA"
"IAHSFTX","2800 N. TERMINAL ROAD HOUSTON TX"
"GABAPGA","1508 US HIGHWAY 19S MEANSVILLE GA"
"GILAJAZ","1100 SOUTH STREET GLOBE AZ"
"GIJUVAZ","1425 E. SOUTH STREET GLOBE AZ"
"GILLITX","JAIL ADMINISTRATOR FREDERICKSBURG TX"
"GILPICO","2960 DORY HILL ROAD GOLDEN CO"
"GLADEFL","1297 EAST SR 78 MOORE HAVEN FL"
"GLADEF2","1297 EAST STATE RD 78 NW; ANNEX @ 598 6TH ST MOORE HAVEN FL"
"GLEPDCA","131 NORTH ISABEL STREET GLENDALE CA"
"GLENNCA","141 SOUTH LASSEN WILLOWS CA"
"GSCHOLD","100 MIDLAND AVENUE GLENWOOD SPRINGS CO"
"GLOUCNJ","70 HUNTER STREET WOODBURY NJ"
"GONZATX","C/O SHERIFF GONZALEZ TX"
"GOOD","PUBLIC SAFETY BLDG. RED WING MN"
"GOODHMN","PUBLIC SAFETY BLDG. RED WING MN"
"GOSHEWY","2120 EAST B TORRINGTON WY"
"GRAHAAZ","523 10TH AVE SAFFORD AZ"
"GRANDCO","P.O. BOX 48 HOT SULPHUR SPGS CO"
"GFJUVND","P.O. BOX 726 GRAND FORKS ND"
"GFCORND","1701 NORTH WASHINGTON ST GRAND FORKS ND"
"GRFHOLD","124 NORTH 6TH STREET GRAND FORKS ND"
"GRIHOLD","220 N. WALNUT STREET GRAND ISLAND NE"
"GJCHOLD","571 S. COMMERCIAL DRIVE GRAND JUNCTION CO"
"GRMHOLD","517 OTTAWA AVE NW GRAND RAPIDS MI"
"GRANTWA","35 C ST N.W. EPHRATA WA"
"GRANTOR","GRANT COUNTY JAIL CANYON CITY OR"
"GRYDCKY","320 SHAW STATION ROAD LEITCHFIELD KY"
"GRAYSKY","320 SHAW STATION ROAD LEITCHFIELD KY"
"GPCHOLD","700 SUGAR CREEK ROAD HINTON OK"
"GRECONY","80 BRIDGE STREET CATSKILL NY"
"GREENMO","929 N. ROBBERSON SPRINGFIELD MO"
"BOPGRE","100 U.S. 40 GREENVILLE IL"
"GRRHOLD","UNAVAILABLE GREER SC"
"GREGGTX","101 E. METHVIN STREET LONGVIEW TX"
"GRIMETX","382 FM 149 WEST ANDERSON TX"
"GUADATX","C/O COUNTY SHERIFF SEGUIN TX"
"BOPGUA","HWY 28 INTSECT OF ROAD 165 SAN JUAN PR"
"GUNNICO","200 NORTH IOWA GUNNISON CO"
"GWINNGA","2900 UNIVERSITY PARKWAY LAWRENCEVILLE GA"
"HANMNPA","BRAOD & VINE STREETS PHILADELPHIA PA"
"HASHENE","110 PUBLIC SAFETY DRIVE GRAND ISLAND NE"
"HALLJGA","1700 BARBER ROAD GAINESVILLE GA"
"HAMILTN","1600 EAST 3RD STREET CHATTANOOGA TN"
"HAMILKS","103 WEST AVE B SYRACUSE KS"
"HAMPDMA","627 RANDALL ROAD LUDLOW MA"
"HRREGVA","2690 ELMHURST LANE PORTSMOUTH VA"
"HANCOMS","122 1/2 COURT STREET BAY ST. LOUIS MS"
"HANCOME","60 STATE STREET ELLSWORTH ME"
"HARDJIA","1116 14TH AVENUE ELDORA IA"
"HARLANE","706 WEST 2ND STREET ALMA NE"
"HLGHOLD","1717 ZOY STREET HARLINGEN TX"
"HMCHOTX","5501 S EXPRESSWAY 71 HARLINGEN TX"
"HSF","1102 SOUTH COMMERCE STREET HARLINGEN TX"
"HARPEKS","115 EAST STEADMAN STREET ANTHONY KS"
"HARRIGA","HWY 116 E, PO BOX 286 HAMILTON GA"
"HCPSYTX","2800 S MACGREGOR WAY HOUSTON TX"
"HBGHOLD","UNAVAILABLE HARRISONBURG VA"
"HARFOCT","177 WESTON STREET HARTFORD CT"
"HARHOLD","450 MAIN STREET HARTFORD CT"
"NEHASTI","4201 WEST 2ND HASTINGS NE"
"HAYCOTX","C/O JAIL ADMINISTRATOR SAN MARCOS TX"
"HAJUVTX","2250 CLOVIS R BARKER ROAD SAN MARCOS TX"
"HELHOLD","805 COLLEEN STREET HELENA MT"
"HENDENC","375 1ST AVENUE EAST HENDERSONVILLE NC"
"HENDENV","18 E BASIC ROAD HENDERSON NV"
"HENHOLD","518 6TH AVE W HENDERSONVILLE NC"
"HENDRFL","101 SOUTH BRIDGE STREET LABELLE FL"
"HEADCMN","525 PORTLAND AVENUE SOUTH MINNEAPOLIS MN"
"HENRIVA","P.O.BOX 27796 RICHMOND VA"
"HENRYGA","120 HENRY PARKWAY MCDONOUGH GA"
"HERKINY","BOX 709 HERKIMER NY"
"CAYTHGS","15180 EUCLID AVENUE CHINO CA"
"HERNAFL","16425 SPRING HILL DRIVE BROOKSVILLE FL"
"HIDALNM","83 OLD HIGHWAY 70 LORDSBURG NM"
"HIDALTX","3100 SOUTH HWY 281 EDINBURG TX"
"AKHIGHL","9101 HESTERBERG ROAD EAGLE RIVER AK"
"HILLCMT","1450 2ND STREET WEST HAVRE MT"
"HICOJFL","1201 NORTH ORIENT ROAD TAMPA FL"
"HILLSNH","445 WILLOW STREET MANCHESTER NH"
"HOKLYTX","1310 AVENUE H LEVELLAND TX"
"HOLINNY","14402 135TH AVENUE JAMAICA NY"
"HLYCHIL","2701 W 68TH ST CHICAGO IL"
"BOPHON","351 ELLIOTT ST. HONOLULU HI"
"HPBRGTX","5556 GASSMER DR. HOUSTON TX"
"CAHGIRL","6625 CROW CANYON ROAD CASTRO VALLEY CA"
"CAHBOYS","9990 CROW CANYON ROAD CASTRO VALLEY CA"
"HOSPSPR","1462 ASIA ST PO BOX 11137 SAN JUAN PR"
"HOTSPWY","417 ARAPAHOE STREET THERMOPOLIS WY"
"HOUICDF","15850 EXPORT PLAZA DRIVE HOUSTON TX"
"HOUHOLD","5520 GREENS RD. HOUSTON TX"
"HOWARMD","7301 WATERLOO ROAD JESSUP MD"
"HUDSONJ","30-35 HACKENSACK AVE. KEARNY NJ"
"HUDSPTX","525 NORTH WILSON AVENUE SIERRA BLANCA TX"
"HUERFCO","500 SOUTH ALBERT WALSENBERG CO"
"HUGHESD","BOX 186 PIERRE SD"
"HUMBOIA","430 SUMNER AVENUE HUMBOLDT IA"
"TXHUNTS","HUNTSVILLE UNIT HUNTSVILLE TX"
"CCAHUTX","1001 WELCH STREET TAYLOR TX"
"IBERILA","300 IBERIA STREET, SUITE 120 NEW IBERIA LA"
"IEPHOLD","11541 MONTANA AVE EL PASO TX"
"IFIHOLD","2075 NORTH BOULEVARD IDAHO FALLS ID"
"FRMVLVA","508 WATERWORKS ROAD FARMVILLE VA"
"IMPCOCA","328 APPLESTILL ROAD EL CENTRO CA"
"IRADFCA","1572 GATEWAY CALEXICO CA"
"INPHOLD","UNAVAILABLE INDIANAPOLIS IN"
"CHIHOLD","CHICAGO O'HARE AIRPORT, TERMINAL #5 CHICAGO IL"
"HHWHOLD","595 ALA MOANA BLVD HONOLULU HI"
"QUEICDF","182-22 150TH AVE JAMAICA NY"
"IONIAMI","133 EAST ADAMS IONIA MI"
"IRWINGA","132 COTTON DRIVE OCILLA GA"
"ISABEMI","207 N COURT ST MOUNT PLEASANT MI"
"JHRWLTX","3101 MARLIN HWY WACO TX"
"JACKSOR","787 WEST 8TH STREET MEDFORD OR"
"JACKSTX","115 WEST MAIN STREET EDNA TX"
"JAJUVOR","609 WEST 10TH STREET MEDFORD OR"
"JMHOSFL","1611 N.W. 12TH AVE MIAMI FL"
"JAKHOLD","202 METROPLEX BLVD PEARL MS"
"JAXHOLD","4121 SOUTHPOINT BLVD JACKSONVILLE FL"
"MUSIKCA","13502 MUSICK ROAD IRVINE CA"
"JAJUVMO","530 S PEARL AVE JOPLIN MO"
"JEFFEMT","110 SOUTH WASHINGTON STREET BOULDER MT"
"JEFFEKS","1360 WALNUT STREET OSKALOOSA KS"
"JEFFECO","200 JEFFERSON COUNTY PARKWAY GOLDEN CO"
"JEFFEOK","218 N. MAIN STREET WAURIKA OK"
"JEFFEID","219 EAST FREMONT AVE RIGBY ID"
"JEFFENY","753 WATERMAN DRIVE WATERTOWN NY"
"JEFFEIL","911 CASEY AVENUE MOUNT VERNON IL"
"JEFFETX","1001 PEARL STREET BEAUMONT TX"
"JWYTHWY","3304 EAST I-80 SERVICE ROAD CHEYENNE WY"
"JENADLA","830 PINEHILL ROAD JENA LA"
"JENNIMO","5445 JENNINGS STATION ROAD JENNINGS MO"
"JEROMID","2151 S. TIGER DRIVE JEROME ID"
"BOPJES","2600 HIGHWAY 301 SOUTH JESUP GA"
"MONTGTX","500 HILBIG RD. CONROE TX"
"JOHNSTX","1800 RIDGEMAR DRIVE CLEBURNE TX"
"JOHNSNE","222 NORTH 4TH STREET TECUMSEH NE"
"JOHNSNC","120 S. THIRD ST. SMITHSFIELD NC"
"JOSEPOR","1901 NORTHEAST F STREET GRANTS PASS OR"
"JUABCUT","425 W. SHEEPLANE DRIVE NEPHI UT"
"KALAMMI","1500 LAMONT ST KALAMAZOO MI"
"KANDIMN","2201 23RD ST NE WILLMAR MN"
"KANKEIL","3050 JUSTICE WAY KANKAKEE IL"
"KANHOLD","9747 NW CONANT AVENUE KANSAS CITY MO"
"KCCDCTX","FM 1144 AT US HIGHWAY 181 KARNES CITY TX"
"KARNETX","810 COMMERCE STREET KARNES CITY TX"
"KRNRCTX","FM 1144 AT US HIGHWAY 181 KARNES CITY TX"
"KEACOKS","106 WASHINGTON AVENUE LAKIN KS"
"KEICONE","103 EAST 5TH STREET OGALLALA NE"
"KENDATX","C/O COUNTY SHERIFF BOERNE TX"
"KENNEME","125 STATE STREET AUGUSTA ME"
"KENNEGA","2539 J O STEPHENSON AVENUE KENNESAW GA"
"KENOSWI","4777 88TH AVENUE KENOSHA WI"
"KENOSW2","1000 55TH STREET KENOSHA WI"
"KENTCMI","701 BALL AVENUE NORTHEAST GRAND RAPIDS MI"
"KENTOKY","303 COURT STREET COVINGTON KY"
"SUSSENJ","410 HIGH STREET NEWTON NJ"
"KERCOCA","17695 INDUSTRIAL FARM ROAD BAKERSFIELD CA"
"KERCOTX","C/O COUNTY SHERIFF KERRVILLE TX"
"KEJUVTX","KERRVILLE JDC KERRVILLE TX"
"AKKETCH","1201 SCHOENBAR ROAD KETCHIKAN AK"
"KIMBANE","114 WEST 3RD ST KIMBALL NE"
"KIMBLTX","415 PECAN ST JUNCTION TX"
"KINCOWA","500 5TH AVE SEATTLE WA"
"KINGMKS","120 SPRUCE STREET KINGMAN KS"
"KCHOSNY","451 CLARKSON AVE. BROOKLYN NY"
"KINNETX","109 NORTH STREET BRACKETTVILLE TX"
"KITCACO","251 16TH STREET, RM.302 BURLINGTON CO"
"KITTIWA","205 WEST 5TH AVENUE ELLENSBURG WA"
"KLAMCOR","3201 VANDENBERG AVENUE KLAMATH FALLS OR"
"KNXHOLD","UNAVAILABLE KNOXVILLE TN"
"KODIAAK","217 LOWER MILL BAY ROAD KODIAK AK"
"KOOTEID","5500 NORTH GOVERNMENT WAY COEUR D'ALENE ID"
"KOSSUIA","121 WEST STATE STREET ALGONA IA"
"KROHOLD","18201 SW 12TH ST MIAMI FL"
"KRO","18201 SOUTHWEST 12TH STREET MIAMI FL"
"KRHUBFL","CONCOURSE E SATELLITMIAMI INTERNATIONAL MIAMI FL"
"LAPAZAZ","1109 ARIZONA AVE. PARKER AZ"
"LAPLACO","742 TURNER DRIVE DURANGO CO"
"LSRDCTX","832 EAST TEXAS STATE HIGHWAY 44 ENCINAL TX"
"LACKAPA","1371 NORTH WASHINGTON AVENUE SCRANTON PA"
"LAFAYLA","916 LAFAYETTE STREET LAFAYETTE LA"
"CTLAFSL","101 LAFAYETTE STREET HARTFORD CT"
"LAKCOMT","106 4TH AVENUE EAST POLSON MT"
"LAKEJCO","P.O. BOX 255/505 HARRISON AVE. LEADVILLE CO"
"LKWDSMN","808 2ND ST., SE BAUDETTE MN"
"LKLNDLA","81 HILLSDALE DR. PINEVILLE LA"
"LANCANE","605 SOUTH 10TH STREET LINCOLN NE"
"LANECOR","125 EAST 8TH AVENUE EUGENE OR"
"LAPEEMI","2408 GENESEE STREET LAPEER MI"
"LARCOWY","1910 PIONEER AVENUE CHEYENNE WY"
"LRDHOLD","UNAVAILABLE LAREDO TX"
"LRDICDF","4702 EAST SAUNDERS STREET LAREDO TX"
"LARIMCO","2405 MIDPOINT DRIVE FORT COLLINS CO"
"LRKNHFL","6129 SW 70TH ST SOUTH MIAMI FL"
"LASANCO","2309 EAST MAIN STREET TRINIDAD CO"
"LASWOCA","9000 COTTONWOOD AVENUE SANTEE CA"
"LVGCINV","LAS VEGAS CITY JAIL LAS VEGAS NV"
"LVGHOLD","3373 PEPPER LANE LAS VEGAS NV"
"LASALTX","703 N MAIN STREET COTULLA TX"
"LARELKY","203 SOUTH BROAD ST. LONDON KY"
"LAWRESD","80 SHERMAN STREET DEADWOOD SD"
"LAWREPA","111 SOUTH MILTON STREET NEW CASTLE PA"
"LEACONM","1401 SOUTH COMMERCIAL STREET LOVINGTON NM"
"BOPLVN","1300 METROPOLITAN AVE. LEAVENWORTH KS"
"LEECJIL","122 W. 3RD STREET DIXON IL"
"LEECOTX","424 SOUTH MAIN STREET GIDDINS TX"
"LEHIGPA","38 N 4TH ST ALLENTOWN PA"
"AKLEMON","2000 LEMON CREEK ROAD JUNEAU AK"
"LSHOSMA","170 MORTON STREET JAMAICA PLAIN MA"
"LEWISMT","221 BRECKENRIDGE STREET HELENA MT"
"LEWISNY","5252 OUTER STOWE STREET LOWVILLE NY"
"BOPLEW","P.O. BOX 1000 LEWISBURG PA"
"LEXINSC","521 GIBSON ROAD LEXINGTON SC"
"BOPLEX","3301 LEESTOWN ROAD LEXINGTON KY"
"LIMESTX","910 NORTH TYUS STREET GROESBECK TX"
"LINCOMO","65 BUSINESS PARK DRIVE TROY MO"
"LINCOWY","1032 BEECH AVENUE KEMMERER WY"
"LINCONE","3020 N JEFFERS NORTH PLATTE NE"
"LINCOCO","BOX 10, 103 3RD AVENUE HUGO CO"
"LINCOME","P.O. BOX 611 WISCASSETT ME"
"TXSJWDM","WARDEN GATESVILLE TX"
"LINNCOR","1115 JACKSON STREET SOUTHEAST ALBANY OR"
"LINNJIA","53 3RD AVENUE BRIDGE CEDAR RAPIDS IA"
"LRAHOLD","UNAVAILABLE LITTLE ROCK AR"
"LIVINNY","4 COURT STREET GENESEO NY"
"LOGANCO","110 NORTH RIVERVIEW ROAD STERLING CO"
"LLUMCCA","11234 ANDERSON STREET LOMA LINDA CA"
"BOPLOF","3600 GUARD ROAD LOMPOC CA"
"BOPLOM","3901 KLEIN BLVD. LOMPOC CA"
"LONOKAR","3RD AND WRIGHT STREET LONOKE AR"
"LONPDAR","203 W. FRONT STREET LONOKE AR"
"BOPLOR","RURAL ROUTE 276 LORETTO PA"
"LOSCJCA","450 BAUCHET STREET LOS ANGELES CA"
"LOSHOLD","300 N. LOS ANGELES ST. RM B-18 SAN PEDRO CA"
"BOPLOS","300 N. LOS ANGELES ST. LOS ANGELES CA"
"LSFHOLD","UNAVAILABLE LOS FRESNOS TX"
"LOSPACA","7285 QUILL DRIVE DOWNEY CA"
"LOUCOVA","42035 LOUDOUN CENTER PLACE LEESBURG VA"
"LOUHOLD","400 S 6TH STREET LOUISVILLE KY"
"LDFHOLD","350 E. 7TH STREET LOVELAND CO"
"LYOLAIL","1211 W ROOSEVELT RD MAYWOOD IL"
"LOYMCIL","2160 S. FIRST AVE. MAYWOOD IL"
"LUBBOTX","811 MAIN STREET LUBBOCK TX"
"LBKHOLD","1205 TEXAS AVE, SUITE 605 LUBBOCK TX"
"LUFKNTX","300 E. SHEPHERD STREET LUFKIN TX"
"LUNCONM","1700 4TH STREET NORTHEAST DEMING NM"
"LIRSJUV","700 LIGHT STREET BALTIMORE MD"
"LYONCMN","611 WEST MAIN ST. MARSHALL MN"
"LYONJIA","410 SOUTH BOONE STREET ROCK RAPIDS IA"
"MACCOMI","43565 ELIZABETH ROAD MOUNT CLEMENS MI"
"MACONIL","333 S. FRANKLIN DECATUR IL"
"MADISMS","2935 HIGHWAY 51 CANTON MS"
"MADISID","15 NORTH 2ND STREET EAST REXBURG ID"
"MADISNE","CLARA DAVIS DR MADISON NE"
"MADISNY","138 NORTH COURT STREET WAMPSVILLE NY"
"MADISIA","1012 NORTH 1ST STREET WINTERSET IA"
"MADISLA","RT 3 BOX 3 TALLULAH LA"
"MAHONOH","110 FIFTH AVENUE YOUNGSTOWN OH"
"MEYTHCT","675 WESTBROOK ST. SOUTH PORTLAND ME"
"MALHCOR","251 B STREET VALE OR"
"MANATFL","11490 HARLEE RD. PALMETTO FL"
"BOPMAN","RT 8 FOX HOLLOW ROAD MANCHESTER KY"
"MANHOLD","811 CANAL STREET MANCHESTER NH"
"MANSFTX","1601 HERITAGE PARKWAY MANSFIELD TX"
"CTMANYI","42 JARVIS STREET CHESHIRE CT"
"MAPLEOH","5373 LEE ROAD MAPLE HEIGHTS OH"
"BOPMNA","3625 FCI RD MARIANNA FL"
"MCFAJAZ","201 SOUTH 4TH AVENUE PHOENIX AZ"
"DURJFAZ","3225 W. GIBSON LANE PHOENIX AZ"
"MCESTAZ","2939 WEST DURANGO PHOENIX AZ"
"MCLBJAZ","3250 W LOWER BUCKEYE RD PHOENIX AZ"
"MCMEDAZ","P.O. BOX 29670 PHOENIX AZ"
"MCTOWAZ","3127 W. GIBSON LANE PHOENIX AZ"
"MARINCA","3 PETER BEHR DRIVE SAN RAFAEL CA"
"NEW0600","201 WAREHOUSE RD. LEBANON KY"
"MARICOR","4000 AUMSVILLE HIGHWAY SE SALEM OR"
"MARIOIN","40 SOUTH ALABAMA STREET INDIANAPOLIS IN"
"BOPMAR","RURAL RT. 5 LITTLE GRASSY ROAD MARION IL"
"MARSHMN","208 E. COLVIN AVE WARRENTON MN"
"MARSHIA","2369 JESSUP AVENUE MARSHALLTOWN IA"
"MARTIFL","800 SOUTHEAST MONTEREY ROAD STUART FL"
"MARTIWA","201 S PINE ST MEDICAL LAKE WA"
"MASONWA","411 NORTH 4TH STREET SHELTON WA"
"AKMATSU","339 E. DOGWOOD PALMER AK"
"MAVERTX","1051 BALBOA JONES BOULEVARD EAGLE PASS TX"
"MCCLETX","501 WASHINGTON AVENUE WACO TX"
"BOPMCR","330 FEDERAL WAY PINE KNOT KY"
"MCHENIL","2200 NORTH SEMINARY AVENUE WOODSTOCK IL"
"MCINTGA","714 HWY 251 DARIEN GA"
"BOPMCK","PO BOX 5000 BRADFORD PA"
"MCKINNM","255 S. BOARDMAN GALLUP NM"
"AKMCYOU","2600 PROVIDENCE DR ANCHORAGE AK"
"MCCDCTX","520 COLUMBUS AVE WACO TX"
"WAMCNEI","1403 COMMERCIAL ST. STEILACOOM WA"
"BOPRAE","1000 JIM HAMMOCK DR. MCRAE GA"
"MCMADAZ","225 W. MADISON PHOENIX AZ"
"MCSPEAZ","120 S. 1ST AVENUE PHOENIX AZ"
"MEADESD","1400 MAIN STREET STURGIS SD"
"MECKLNC","5234 SPECTOR DRIVE CHARLOTTE NC"
"MECKLN2","801 EAST FOURTH ST CHARLOTTE NC"
"MEDHOLD","310 WEST 6TH STREET MEDFORD OR"
"MEDINTX","1101 15TH STREET HONDO TX"
"MEDINOH","555 INDEPENDENCE DRIVE MEDINA OH"
"MEJUVTX","2516 MCHAUGHTEN DR. HONDO TX"
"BOPMEM","1101 JOHN A DENIE ROAD MEMPHIS TN"
"MEMHOLD","842 VIRGINIA RUN COVE MEMPHIS TN"
"MEMPHTN","616 ADAMS AVENUE MEMPHIS TN"
"MERCECA","P.O. BOX 2267 MERCED CA"
"MERCEPA","55 THOMPSON ROAD MERCER PA"
"MERRINH","326 DANIEL WEBSTER HIGHWAY BOSCAWAN NH"
"MESJACO","215 RICE STREET GRAND JUNCTION CO"
"CACFMES","425 GOLDEN STATE AVE BAKERSFIELD CA"
"METROFL","5680 SOUTHWEST 87TH AVENUE MIAMI FL"
"MIAHOLD","15665 BISCAYNE BOULEVARD MIAMI FL"
"BOPMIA","1350 NW 41 STREET MIAMI FL"
"BOPMIM","33 NE 4 STREET MIAMI FL"
"MSF","UNAVAILABLE MIAMI FL"
"MIDBIMA","40 THORNDIKE STREET CAMBRIDGE MA"
"MIDDLNJ","APPLE ORCHARD ROAD NORTH BRUNSWICK NJ"
"MIDLATX","115 W. INDUSTRIAL ROAD MIDLAND TX"
"MLDHOLD","400 S. MAIN STREET MIDLAND TX"
"BOPMIL","PO BOX 9999 MILAN MI"
"MILLRAR","2300 EAST STREET TEXARKANA AR"
"MILHOLD","310 E. KNAPP STREET MILWAUKEE WI"
"WIMILSD","1015 NORTH 10TH STREET MILWAUKEE WI"
"MINERMT","310 RIVER STREET SUPERIOR MT"
"MINICID","1415 ALBION AVENUE BURLEY ID"
"MINNESD","500 NORTH MINNESOTA AVENUE SIOUX FALLS SD"
"MIJUVSD","4200 WEST AVENUE SIOUX FALLS SD"
"MNCOAKC","BOX 10 STILLWATER MN"
"MNCFRUS","7600 525TH STREET RUSH CITY MN"
"MNCFSTW","5329 OSGOOD STILLWATER MN"
"LANCACA","45100 60TH STREET WEST LANCASTER CA"
"MISCOMO","200 WEST COMMERCIAL STREET CHARLESTON MO"
"MISSOMT","2340 MULLAN ROAD MISSOULA MT"
"MOFFECO","800 WEST 1ST STREET CRAIG CO"
"MOHAVAZ","415 PINE STREET KINGMAN AZ"
"MONMONJ","1 WATERWORKS ROAD FREEHOLD NJ"
"MONONIA","909 7TH STREET ONAWA IA"
"MONROFL","5501 COLLEGE ROAD KEY WEST FL"
"MNROEMI","100 EAST 2ND STREET MONROE MI"
"MONROMI","7000 EAST DUNBAR ROAD MONROE MI"
"MONRONY","130 PLYMOUTH AVENUE SOUTH ROCHESTER NY"
"MOYOUMI","3600 SOUTH CUSTER ROAD MONROE MI"
"MONTECA","P.O. BOX 809 SALINAS CA"
"MTPPDCA","320 WEST NEWMARK AVENUE MONTEREY PARK CA"
"MONTECO","730 EAST DRISCOLL STREET CORTEZ CO"
"MONCJAL","103 NORTH PERRY STREET MONTGOMERY AL"
"MNTGMAL","320 NORTH RIPLEY STREET MONTGOMERY AL"
"MONTGPA","60 EAGLEVILLE ROAD NORRISTOWN PA"
"MONTGNY","PARK STREET FONDA NY"
"MONTGMO","211 EAST THIRD STREET MONTGOMERY CITY MO"
"MONTGAL","250 MCDONOUGH STREET MONTGOMERY AL"
"MGAHOLD","UNAVAILABLE MONTGOMERY AL"
"MONTRCO","1200 NORTH GRAND AVENUE MONTROSE CO"
"MORGNMO","211 EAST NEWTON STREET VERSAILLES MO"
"MORGACO","801 EAST BEAVER AVENUE FORT MORGAN CO"
"MORRINJ","23 COURT STREET MORRISTOWN NJ"
"MOROWOH","101 HOME ROAD MOUNT GILEAD OH"
"MOUNTND","101 NORTH MAIN STREET STANLEY ND"
"MCJUVOH","815 FAIRCREST STREET SW CANTON OH"
"MULTNOR","11540 NORTHEAST INVERNESS DRIVE PORTLAND OR"
"MUSCAIA","400 WALNUT STREET MUSCATINE IA"
"MUSSEMT","820 MAIN STREET ROUNDUP MT"
"BOPCNV","701 BROADWAY STREET NASHVILLE TN"
"NSVHOLD","UNAVAILABLE NASHVILLE TN"
"NASSANY","100 CARMAN AVENUE EAST MEADOW NY"
"NASSAFL","76001 BOBBY MOORE CIRCLE YULEE FL"
"NATROWY","1100 BRUCE LANE CASPER WY"
"NAVSOAZ","100 EAST CARTER DRIVE HOLBROOK AZ"
"NAVARTX","300 WEST 2ND AVENUE CORSICANA TX"
"NVSDCNV","2190 EAST MESQUITE AVENUE PAHRUMP NV"
"NHSPWOM","317 MAST ROAD GOFFSTOWN NH"
"NHSPCON","281 NORTH STATE STREET CONCORD NH"
"NWHNVNC","3950 JUVENILE RD CASTLE HAYNE NC"
"NOLHOLD","701 LOYOLA AVENUE  ROOM 9001 NEW ORLEANS LA"
"BOPNYM","150 PARK ROW NEW YORK NY"
"NEWHOLD","970 BROAD STREET NEWARK NJ"
"NEWTOTX","ROUTE 1 NEWTON TX"
"NIAGANY","5526 NIAGARA STREET EXTENTION LOCKPORT NY"
"NIACINY","520 HYDE PARK BLVD. NIAGARA FALLS NY"
"NIOBRWY","416 SOUTH ELM STREET LUSK WY"
"NOBLEMN","1530 AIRPORT ROAD WORTHINGTON MN"
"MIRPNOG","1500 W LA QUINTA AVE NOGALES AZ"
"NORFOVA","811 EAST CITY HALL AVENUE NORFOLK VA"
"NORFOMA","200 WEST STREET DEDHAM MA"
"NORHOLD","5280 HENNEMAN DRIVE NORFOLK VA"
"NBRMCFL","201  EAST SAMPLE ROAD POMPANO BEACH FL"
"NCDOCRA","COMBINED RECORDS RALEIGH NC"
"NOCPDIL","1850 LEWIS AVENUE NORTH CHICAGO IL"
"NONOLCA","550 6TH STREET OAKLAND CA"
"NGDCTGA","622 MAIN STREET SOUTHWEST GAINESVILLE GA"
"NOLVGNV","2332 NORTH LAS VEGAS BOULEVARD NORTH LAS VEGAS NV"
"NRPHOLD","UNAVAILABLE NORTH PLATTE NE"
"NOROYOH","14000 BENNETT RD. N. ROYALTON OH"
"CTNEACI","251 MIDDLE TURNPIKE STORRS CT"
"NEJUVNE","120 CLARA DAVIS DRIVE MADISON NE"
"CCANOOH","2240 HUBBARD ROAD YOUNGSTOWN OH"
"CTNRNCI","287 BILTON ROAD SOMERS CT"
"MENMJUV","1182 DOVER ROAD CHARLESTON ME"
"NNREGVA","P.O. BOX 1090 WARSAW VA"
"NVNORCC","1721 E. SNYDER AVE CARSON CITY NV"
"NORCOOR","211 WEBBER ROAD THE DALLES OR"
"NOJUVOR","211 WEBBER STREET THE DALLES OR"
"WVNORTH","RD #2 MOUNDSVILLE WV"
"VTDCOR2","2559 GLEN ROAD NEWPORT VT"
"NVJDCVA","200 SOUTH WHITING STREET ALEXANDRIA VA"
"CSCNWWA","1623 E. J STREET TACOMA WA"
"NWREGVA","141 FORT COLLIER ROAD WINCHESTER VA"
"VTSTALB","3649 LOWER NEWTON ROAD SWANTON VT"
"NWSCFVT","3649 LOWER NEWTON ROAD SWANTON VT"
"NUECETX","901 LEOPARD STREET CORPUS CHRISTI TX"
"NYCHOLD","26 FEDERAL PLAZA NEW YORK NY"
"NYEPANV","1520 E. BASIN ROAD PAHRUMP NV"
"BOPOAK","P O BOX 5060 OAKDALE LA"
"OAK","2105 EAST WHATLEY ROAD OAKDALE LA"
"BOPOAD","2105 E. WHATLEY RD. OAKDALE LA"
"OAKHOLD","1010 E WHATLEY ROAD OAKDALE LA"
"OAKLACA","611 BROADWAY OAKLAND CA"
"OBRIJIA","240 1ST STREET NORTHEAST PRINGHAR IA"
"ODESSTX","205 NORTH GRANT AVENUE ODESSA TX"
"OGUHOLD","2487 S. 1620 W., UNIT E. OGDEN UT"
"NYOGDNC","ONE CORRECTION WAY OGDENSBURG NY"
"OGLECIL","103 JEFFERSON STREET OREGON IL"
"OKANOWA","149 4TH AVENUE NORTH OKANOGAN WA"
"OKCHOLD","4400 SW 44TH STREET OKLAHOMA CITY OK"
"OKCOJOK","201 NORTH SHARTEL AVENUE OKLAHOMA CITY OK"
"BOPOKL","7500 MACARTHUR BLVD OKLAHOMA CITY OK"
"OKMULOK","314 W. 7TH STREET OKMULGEE OK"
"OLDHAKY","100 W MAIN STREET LA GRANGE KY"
"OLMSTMN","101 4TH STREET SOUTHEAST ROCHESTER MN"
"NEOMAHA","2323 AVE J OMAHA NE"
"OMAHOLD","2323 AVENUE J OMAHA NE"
"ONEIDID","10 COURT STREET MALAD ID"
"ONECONY","6075 JUDD ROAD ORISKANY NY"
"ONONDNY","555 SOUTH STATE STREET SYRACUSE NY"
"ONTARNY","3045 COUNTY COMPLEX DRIVE CANANDAIGUA NY"
"OGCMCCA","1001 N TUSTIN AVE SANTA ANA CA"
"OCCWJCA","550 NORTH FLOWER STREET SANTA ANA CA"
"OCIRCCA","550 NORTH FLOWER STREET SANTA ANA CA"
"ORANGFL","3855 SOUTH JOHN YOUNG PARKWAY ORLANDO FL"
"ORANGNY","110 WELLS FARM ROAD GOSHEN NY"
"ORLHOLD","9403 TRADEPORT DRIVE ORLANDO FL"
"NYORLNC","35-31 GAINES BASIN ROAD ALBION NY"
"ORLEAVT","255 MAIN ST NEWPORT VT"
"ORLEANY","26 SOUTH PLATT STREET ALBION NY"
"OPJUVLA","2800 GRAVIER STREET NEW ORLEANS LA"
"ORPARLA","2800 GRAVIER STREET NEW ORLEANS LA"
"ORPARL2","857 SOUTH WHITE NEW ORLEANS LA"
"OSAHOKS","500 STATE HOSPITAL DRIVE OSAWATAMIE KS"
"CTOSBCI","100 BILTON ROAD SOMERS CT"
"OSWEGNY","39 CHURCHILL ROAD OSWEGO NY"
"CCASDCA","7488 CALZADA DE LA FUENTE SAN DIEGO CA"
"OTERONM","1000 NEW YORK ALAMOGORDO NM"
"OTEROCO","222 EAST SECOND STREET LAJUNTA CO"
"OTROPNM","10 MCGREGOR RANGE ROAD CHAPARRAL NM"
"OTRPCNM","26 MCGREGOR RANGE ROAD CHAPARRAL NM"
"BOPOTV","PO BOX 60 OTISVILLE NY"
"OTOECNE","1021 CENTRAL AVENUE NEBRASKA CITY NE"
"OTSEGNY","172 COUNTY HIGHWAY 33 WEST COOPERSTOWN NY"
"OTTAWMI","3100 PORT SHELDON ROAD HUDSONVILLE MI"
"OXFORME","25 WESTERN AVENUE SOUTH PARIS ME"
"BOPOXF","P.O. BOX 500 OXFORD WI"
"OZAUKWI","1201 S. SPRINGS PORT WASHINGTON WI"
"PALMBFL","3228 GUN CLUB ROAD WEST PALM BEACH FL"
"PLRMCCA","38600 MEDICAL CENTER DR PALMDALE CA"
"AKPALMC","MILE 58 GLENN HIGHWAY PALMER AK"
"PMHOSFL","2001 W. 68TH ST. HIALEAH FL"
"PLMBHTX","613 VICTORIA LN HARLINGEN TX"
"PWHOSFL","13001 SOUTHERN BLVD LOXAHATCHEE FL"
"PAMREVA","7240 COURTLAND FARM ROAD HANOVER VA"
"PARKCMT","414 E. CALLENDAR PO BOX 43 LIVINGSTON MT"
"PARKCWY","1402 RIVER VIEW DRIVE CODY WY"
"PARKJCO","1180 COUNTY ROAD 16 FAIRPLAY CO"
"PASADCA","207 NORTH GARFIELD AVENUE PASADENA CA"
"PASSANJ","11 SHERIFFS PLAZA PATERSON NJ"
"PAULDGA","25 INDUSTRIAL WAY NORTH DALLAS GA"
"PAVHRPR","435 PONCE DE LEON AVENUE SAN JUAN PR"
"PDNHOLD","1000 S. EL PASO STREET EL PASO TX"
"PECOSTX","172 WEST RAUL FLOREZ BOULEVARD PECOS TX"
"PCSHOLD","250 EAST PALMER ROAD PECOS TX"
"BOPPEK","2600 2ND STREET PEKIN IL"
"PEMBIND","308 COURT HOUSE DRIVE CAVALIER ND"
"PENDOWA","331 SOUTH GARDEN AVENUE NEWPORT WA"
"PENNIMN","P.O. BOX 484 THIEFRIVER FALLS MN"
"PENNISD","307 SAINT JOSEPH STREET RAPID CITY SD"
"PENOBME","85 HAMMOND STREET BANGOR ME"
"PCJDCIL","223 N MAXWELL RD PEORIA IL"
"PERRYAL","UNITED STATES HIGHWAY 80 EAST UNIONTOWN AL"
"PERRYIL","12 EAST WATER STREET PINCKNEYVILLE IL"
"AZSPPER","2105 NORTH CITRUS RD GOODYEAR AZ"
"BOPPET","PO BOX 1000 PETERSBURG VA"
"PHELPNE","715 5TH AVENUE HOLDREGE NE"
"PHIHOLD","1600 CALLOWHILL ST PHILADELPHIA PA"
"PHILLMT","314 SOUTH 2ND AVENUE WEST MALTA MT"
"PHOHOLD","2035 NORTH CENTRAL AVENUE PHOENIX AZ"
"BOPPHX","37910 N 45TH AVE DEPT 1700 PHOENIX AZ"
"PICKJOH","600 ISLAND ROAD CIRCLEVILLE OH"
"PIEPDOK","415 PIEDMONT ROAD PIEDMONT OK"
"PMREGVA","801 INDUSTRIAL PARK ROAD FARMVILLE VA"
"PIERCNE","111 WEST COURT STREET PIERCE NE"
"PIKCOPA","175 PIKE COUNTY BOULEVARD LORDS VALLEY PA"
"PKEHOLD","170 PIKE COUNTY BLVD HAWLEY PA"
"PIMAJAZ","1270 WEST SILVERLAKE ROAD TUCSON AZ"
"PINALAZ","971 N. JASON LOPEZ CIRCLE FLORENCE AZ"
"PINEPLA","1133 HAMPTON DUPRE ROAD PINE PRAIRIE LA"
"PINELFL","14400 49TH STREET NORTH CLEARWATER FL"
"PISCAME","52 COURT STREET DOVER-FOXCROFT ME"
"PITKICO","506 EAST MAIN STREET ASPEN CO"
"PITHOLD","3000 SIDNEY ST SUITE 100 PITTSBURGH PA"
"PLAQULA","110 PRISON RD. BRAITHWAITHE LA"
"PLATTMO","415 THIRD STREET PLATTE CITY MO"
"PLATTWY","850 MAPLE STREET WHEATLAND WY"
"PLATTNE","1125 17TH STREET EAST COLUMBUS NE"
"PLYMOMA","26 LONG POND ROAD PLYMOUTH MA"
"PTCOULA","10933 CAJUNII ROAD HWY 981 NEW ROADS LA"
"POLKCTX","3400 FM 350 SOUTH LIVINGSTON TX"
"POLKJFL","2390 BOB PHILIPS ROAD BARTOW FL"
"POLKCMN","BOX 416 CROOKSTON MN"
"POLKJIA","1985 NE 51ST PLACE DES MOINES IA"
"BOPPOL","1000 AIR BASE ROAD, PO BOX 1000 POLLOCK LA"
"POMONCA","490 WEST MISSION BOULEVARD POMONA CA"
"PONDEMT","20 4TH AVENUE SOUTHWEST CONRAD MT"
"PIC","27991 BUENA VISTA BOULEVARD LOS FRESNOS TX"
"POOHOLD","1111 SOUTHWEST 2ND AVENUE PORTLAND OR"
"POMHOLD","511 NORTHWEST BROADWAY PORTLAND ME"
"PORTSVA","701 CRAWFORD STREET PORTSMOUTH VA"
"POTTAIA","1400 BIG LAKE ROAD COUNCIL BLUFFS IA"
"POWDRMT","114 N PARK AVENUE BROADUS MT"
"POWERID","550 GIFFORD STREET AMERICAN FALLS ID"
"PRLDCTX","1209 SUNFLOWER LN ALVARADO TX"
"PRLHOLD","1209 SUNFLOWER LN ALVARADO TX"
"PRESITX","310 NORTH HIGHLAND STREET MARFA TX"
"PWILLVA","9320 LEE AVENUE MANASSAS VA"
"PRUHOLD","3075 NORTH MAIN SPANISH FORK UT"
"PROWECO","103 EAST OAK STREET LAMAR CO"
"PUEBLCO","909 COURT STREET PUEBLO CO"
"PUEHOLD","935 STATE HIGHWAY 67 FLORENCE CO"
"PULASKY","300 HAIL KNOB ROAD SOMERSET KY"
"PULASIL","1026 SHAWNEE COLLEGE ROAD ULLIN IL"
"QLTYGCO","2650 GILSTRIP COURT GLENWOOD SPRINGS CO"
"QLTYSCA","2351 OTAY MESA DRIVE CALIPATRIA CA"
"QUEHONY","126-01 82ND STREET KEW GARDENS NY"
"RACINWI","717 WISCONSIN AVENUE RACINE WI"
"RDUHOLD","UNAVAILABLE CARY NC"
"HOTELMA","225 MCCLELLAN HIGHWAY EAST BOSTON MA"
"RAADCMN","425 GROVE STREET ST. PAUL MN"
"RAJAIMN","14 W. KELLOGG BLVD ST. PAUL MN"
"RNDLLTX","9100 SOUTH GEORGIA STREET AMARILLO TX"
"RPCHOLD","1675 SAMCO ROAD RAPID CITY SD"
"RAPPSVA","1745 JEFFERSON DAVIS HIGHWAY STAFFORD VA"
"RAVALMT","RAVALLI COUNTY CH, 205 BEDFORD HAMILTON MT"
"BOPRBK","P.O.BOX 300 RAY BROOK NY"
"RRFINWA","16838 INTERNATIONAL BLVD SEATAC WA"
"Redacted","Redacted Redacted Redacted"
"Redacted","Redacted Redacted Redacted"
"Redacted","Redacted Redacted Redacted"
"Redacted","Redacted Redacted Redacted"
"Redacted","Redacted Redacted Redacted"
"Redacted","Redacted Redacted Redacted"
"Redacted","Redacted Redacted Redacted"
"Redacted","Redacted Redacted Redacted"
"Redacted","Redacted Redacted Redacted"
"Redacted","Redacted Redacted Redacted"
"Redacted","Redacted Redacted Redacted"
"Redacted","Redacted Redacted Redacted"
"Redacted","Redacted Redacted Redacted"
"Redacted","Redacted Redacted Redacted"
"Redacted","Redacted Redacted Redacted"
"Redacted","Redacted Redacted Redacted"
"Redacted","Redacted Redacted Redacted"
"Redacted","Redacted Redacted Redacted"
"Redacted","Redacted Redacted Redacted"
"Redacted","Redacted Redacted Redacted"
"Redacted","Redacted Redacted Redacted"
"Redacted","Redacted Redacted Redacted"
"Redacted","Redacted Redacted Redacted"
"Redacted","Redacted Redacted Redacted"
"Redacted","Redacted Redacted Redacted"
"Redacted","Redacted Redacted Redacted"
"Redacted","Redacted Redacted Redacted"
"Redacted","Redacted Redacted Redacted"
"Redacted","Redacted Redacted Redacted"
"Redacted","Redacted Redacted Redacted"
"Redacted","Redacted Redacted Redacted"
"Redacted","Redacted Redacted Redacted"
"Redacted","Redacted Redacted Redacted"
"Redacted","Redacted Redacted Redacted"
"Redacted","Redacted Redacted Redacted"
"Redacted","Redacted Redacted Redacted"
"Redacted","Redacted Redacted Redacted"
"Redacted","Redacted Redacted Redacted"
"Redacted","Redacted Redacted Redacted"
"Redacted","Redacted Redacted Redacted"
"Redacted","Redacted Redacted Redacted"
"Redacted","Redacted Redacted Redacted"
"Redacted","Redacted Redacted Redacted"
"Redacted","Redacted Redacted Redacted"
"Redacted","Redacted Redacted Redacted"
"Redacted","Redacted Redacted Redacted"
"Redacted","Redacted Redacted Redacted"
"Redacted","Redacted Redacted Redacted"
"Redacted","Redacted Redacted Redacted"
"Redacted","Redacted Redacted Redacted"
"Redacted","Redacted Redacted Redacted"
"Redacted","Redacted Redacted Redacted"
"Redacted","Redacted Redacted Redacted"
"Redacted","Redacted Redacted Redacted"
"Redacted","Redacted Redacted Redacted"
"Redacted","Redacted Redacted Redacted"
"Redacted","Redacted Redacted Redacted"
"Redacted","Redacted Redacted Redacted"
"Redacted","Redacted Redacted Redacted"
"Redacted","Redacted Redacted Redacted"
"Redacted","Redacted Redacted Redacted"
"Redacted","Redacted Redacted Redacted"
"Redacted","Redacted Redacted Redacted"
"Redacted","Redacted Redacted Redacted"
"Redacted","Redacted Redacted Redacted"
"Redacted","Redacted Redacted Redacted"
"Redacted","Redacted Redacted Redacted"
"Redacted","Redacted Redacted Redacted"
"Redacted","Redacted Redacted Redacted"
"Redacted","Redacted Redacted Redacted"
"Redacted","Redacted Redacted Redacted"
"Redacted","Redacted Redacted Redacted"
"Redacted","Redacted Redacted Redacted"
"Redacted","Redacted Redacted Redacted"
"Redacted","Redacted Redacted Redacted"
"Redacted","Redacted Redacted Redacted"
"Redacted","Redacted Redacted Redacted"
"Redacted","Redacted Redacted Redacted"
"Redacted","Redacted Redacted Redacted"
"Redacted","Redacted Redacted Redacted"
"Redacted","Redacted Redacted Redacted"
"Redacted","Redacted Redacted Redacted"
"Redacted","Redacted Redacted Redacted"
"Redacted","Redacted Redacted Redacted"
"Redacted","Redacted Redacted Redacted"
"Redacted","Redacted Redacted Redacted"
"Redacted","Redacted Redacted Redacted"
"Redacted","Redacted Redacted Redacted"
"Redacted","Redacted Redacted Redacted"
"Redacted","Redacted Redacted Redacted"
"Redacted","Redacted Redacted Redacted"
"Redacted","Redacted Redacted Redacted"
"Redacted","Redacted Redacted Redacted"
"Redacted","Redacted Redacted Redacted"
"Redacted","Redacted Redacted Redacted"
"Redacted","Redacted Redacted Redacted"
"Redacted","Redacted Redacted Redacted"
"Redacted","Redacted Redacted Redacted"
"Redacted","Redacted Redacted Redacted"
"Redacted","Redacted Redacted Redacted"
"Redacted","Redacted Redacted Redacted"
"Redacted","Redacted Redacted Redacted"
"Redacted","Redacted Redacted Redacted"
"Redacted","Redacted Redacted Redacted"
"Redacted","Redacted Redacted Redacted"
"Redacted","Redacted Redacted Redacted"
"Redacted","Redacted Redacted Redacted"
"Redacted","Redacted Redacted Redacted"
"Redacted","Redacted Redacted Redacted"
"Redacted","Redacted Redacted Redacted"
"Redacted","Redacted Redacted Redacted"
"Redacted","Redacted Redacted Redacted"
"Redacted","Redacted Redacted Redacted"
"Redacted","Redacted Redacted Redacted"
"Redacted","Redacted Redacted Redacted"
"Redacted","Redacted Redacted Redacted"
"Redacted","Redacted Redacted Redacted"
"Redacted","Redacted Redacted Redacted"
"Redacted","Redacted Redacted Redacted"
"Redacted","Redacted Redacted Redacted"
"Redacted","Redacted Redacted Redacted"
"Redacted","Redacted Redacted Redacted"
"Redacted","Redacted Redacted Redacted"
"Redacted","Redacted Redacted Redacted"
"Redacted","Redacted Redacted Redacted"
"Redacted","Redacted Redacted Redacted"
"Redacted","Redacted Redacted Redacted"
"Redacted","Redacted Redacted Redacted"
"Redacted","Redacted Redacted Redacted"
"Redacted","Redacted Redacted Redacted"
"Redacted","Redacted Redacted Redacted"
"Redacted","Redacted Redacted Redacted"
"Redacted","Redacted Redacted Redacted"
"Redacted","Redacted Redacted Redacted"
"Redacted","Redacted Redacted Redacted"
"Redacted","Redacted Redacted Redacted"
"Redacted","Redacted Redacted Redacted"
"Redacted","Redacted Redacted Redacted"
"Redacted","Redacted Redacted Redacted"
"Redacted","Redacted Redacted Redacted"
"Redacted","Redacted Redacted Redacted"
"Redacted","Redacted Redacted Redacted"
"Redacted","Redacted Redacted Redacted"
"Redacted","Redacted Redacted Redacted"
"Redacted","Redacted Redacted Redacted"
"Redacted","Redacted Redacted Redacted"
"Redacted","Redacted Redacted Redacted"
"Redacted","Redacted Redacted Redacted"
"Redacted","Redacted Redacted Redacted"
"Redacted","Redacted Redacted Redacted"
"Redacted","Redacted Redacted Redacted"
"Redacted","Redacted Redacted Redacted"
"Redacted","Redacted Redacted Redacted"
"Redacted","Redacted Redacted Redacted"
"Redacted","Redacted Redacted Redacted"
"Redacted","Redacted Redacted Redacted"
"Redacted","Redacted Redacted Redacted"
"Redacted","Redacted Redacted Redacted"
"Redacted","Redacted Redacted Redacted"
"Redacted","Redacted Redacted Redacted"
"Redacted","Redacted Redacted Redacted"
"Redacted","Redacted Redacted Redacted"
"Redacted","Redacted Redacted Redacted"
"Redacted","Redacted Redacted Redacted"
"Redacted","Redacted Redacted Redacted"
"Redacted","Redacted Redacted Redacted"
"Redacted","Redacted Redacted Redacted"
"Redacted","Redacted Redacted Redacted"
"Redacted","Redacted Redacted Redacted"
"Redacted","Redacted Redacted Redacted"
"Redacted","Redacted Redacted Redacted"
"Redacted","Redacted Redacted Redacted"
"Redacted","Redacted Redacted Redacted"
"Redacted","Redacted Redacted Redacted"
"Redacted","Redacted Redacted Redacted"
"Redacted","Redacted Redacted Redacted"
"Redacted","Redacted Redacted Redacted"
"Redacted","Redacted Redacted Redacted"
"Redacted","Redacted Redacted Redacted"
"Redacted","Redacted Redacted Redacted"
"Redacted","Redacted Redacted Redacted"
"Redacted","Redacted Redacted Redacted"
"Redacted","Redacted Redacted Redacted"
"Redacted","Redacted Redacted Redacted"
"Redacted","Redacted Redacted Redacted"
"Redacted","Redacted Redacted Redacted"
"Redacted","Redacted Redacted Redacted"
"Redacted","Redacted Redacted Redacted"
"Redacted","Redacted Redacted Redacted"
"Redacted","Redacted Redacted Redacted"
"Redacted","Redacted Redacted Redacted"
"Redacted","Redacted Redacted Redacted"
"Redacted","Redacted Redacted Redacted"
"Redacted","Redacted Redacted Redacted"
"Redacted","Redacted Redacted Redacted"
"Redacted","Redacted Redacted Redacted"
"Redacted","Redacted Redacted Redacted"
"Redacted","Redacted Redacted Redacted"
"Redacted","Redacted Redacted Redacted"
"Redacted","Redacted Redacted Redacted"
"Redacted","Redacted Redacted Redacted"
"Redacted","Redacted Redacted Redacted"
"Redacted","Redacted Redacted Redacted"
"Redacted","Redacted Redacted Redacted"
"Redacted","Redacted Redacted Redacted"
"Redacted","Redacted Redacted Redacted"
"Redacted","Redacted Redacted Redacted"
"REJUVTX","98 W COUNTY ROAD 203 PECOS TX"
"REDETTX","98 WEST COUNTY ROAD 204 PECOS TX"
"REJAITX","52 COUNTY ROAD 204 PECOS TX"
"REGJCWA","401 4TH AVENUE NORTH KENT WA"
"REMEDMN","640 JACKSON STREET ST. PAUL MN"
"RENOJKS","210 W. 1ST STREET HUTCHINSON KS"
"RENOYKS","219 WEST 2ND AVENUE HUTCHINSON KS"
"RENHOLD","UNAVAILABLE RENO NV"
"RENSSNY","4000 MAIN STREET TROY NY"
"RICECKS","1482 WEST UNITED STATES HIGHWAY 56 LYONS KS"
"RICECMN","P.O. BOX 158 FARIBAULT MN"
"RICHMVA","1701 FAIRFIELD WAY RICHMOND VA"
"RCMHOLD","400 N. ST. ROOM 816 RICHMOND VA"
"RIKISNY","1500 HAZEN ST ELMHURST NY"
"RIOBLCO","555 MAIN STREET MEEKER CO"
"RIOCCCA","12500 BRUCEVILLE ROAD ELK GROVE CA"
"RIOGRCO","640 CHERRY STREET DEL NORTE CO"
"RGRNDTX","1001 SAN RIO BOULEVARD LAREDO TX"
"RGHOSTX","1401 RANGERVILLE RD. HARLINGEN TX"
"RGS","27991 BUENA VISTA BLVD LOS FRESNOS TX"
"REHOSIL","8311 WEST ROOSEVELT ROAD FOREST PARK IL"
"RIVERCA","4095 LEMON STREET RIVERSIDE CA"
"RIVHOLD","2060 CHICAGO AVENUE, SUITE A-1 RIVERSIDE CA"
"RSREGVA","1000 RIVER ROAD HOPEWELL VA"
"CACFDON","480 ALTA ROAD SAN DIEGO CA"
"RONKEVA","340 CAMPBELL AVENUE SOUTHWEST ROANOKE VA"
"ROANOVA","401 EAST MAIN STREET SALEM VA"
"ROBERSD","412 THIRD AVENUE EAST SISSETON SD"
"ROBERTN","311 FIFTH AVENUE EAST SPRINGFIELD TN"
"CTROBCI","285 SHAKER ROAD ENFIELD CT"
"BOPRCH","P.O. BOX 4600 ROCHESTER MN"
"RCKISIL","1317 THIRD AVENUE ROCK ISLAND IL"
"ROCKIIL","1317 3RD AVENUE ROCK ISLAND IL"
"RIIHOLD","UNAVAILABLE ROCK ISLAND IL"
"RRIVRIL","707 W. RIVERSIDE DR ROCKFORD IL"
"ROCKINH","101 NORTH ROAD BRENTWOOD NH"
"ROCKIVA","25 SOUTH LIBERTY STREET HARRISONBURG VA"
"ROCCOTX","950 T.L. TOWNSEND DR ROCKWALL TX"
"HASKLTX","118 COUNTY ROAD 206 HASKELL TX"
"ROSEAMN","302 SIXTH STREET ROSEAU MN"
"ROSEBMT","180 SOUTH 13TH AVENUE FORSYTH MT"
"ROUNDPA","POLICE ADMINISTRATION BUILDING PHILADELPHIA PA"
"ROUTTCO","2025 SHIELD DRIVE STEAMBOAT SPRINGS CO"
"RUNLSTX","200 S. HICKORY HILL BALLINGER TX"
"RUTJVTN","400 WEST MAIN ST MURFREESBORO TN"
"RUTHETN","940 NEW SALEM ROAD MURFREESBORO TN"
"SDPROCA","3977 OHIO STREET SAN DIEGO CA"
"SFJUVOK","RT 2 STROUD OK"
"SACCOIA","100 SOUTH STATE STREET SAC CITY IA"
"SACRACA","651 I STREET SACRAMENTO CA"
"SACHOLD","650 CAPITOL MALL SACRAMENTO CA"
"BOPSAF","1529 WEST US HIGHWAY 366 SAFFORD AZ"
"SAGUACO","530 5TH STREET SAGUACHE CO"
"STAHOLD","64 GRICEBROOK ROAD SAINT ALBANS VT"
"STCLAMI","1170 MICHIGAN ROAD PORT HURON MI"
"SGUHOLD","UNAVAILABLE SAINT GEORGE UT"
"STTAMLA","701 NORTH COLUMBIA STREET COVINGTON LA"
"MPSIPAN","UNAVAILABLE SAIPAN MP"
"SAIHOLD","UNAVAILABLE SAIPAN MP"
"SALEMNJ","125 CEMETERY ROAD WOODSTOWN NJ"
"SALINKS","251 N. 10TH SALINA KS"
"SLCHOLD","123 SALT LAKE CITY WAY WEST VALLEY CITY UT"
"SLSLCUT","3415 SOUTH 900 WEST SALT LAKE CITY UT"
"SLOXBUT","3148 SOUTH 1100 WEST SALT LAKE CITY UT"
"SAMBCMI","5555 CONNER AVENUE, SUITE 3 NORTH DETROIT MI"
"SAGHOLD","3197 EXECUTIVE DR SAN ANGELO TX"
"SNAHOLD","8940 FOURWINDS DRIVE SAN ANTONIO TX"
"SBDHOLD","655 WEST RIALTO AVENUE SAN BERNADINO CA"
"SBERNCA","630 EAST RIALTO AVENUE SAN BERNARDINO CA"
"JHALLCA","2801 MEADOWLARK DRIVE SAN DIEGO CA"
"SDHOSCA","751 MED. CENTER CT CHULA VISTA CA"
"SNDCOCA","446 ALTA ROAD SAN DIEGO CA"
"SNDHOLD","US INS DETENTION & DEPORTATION SAN DIEGO CA"
"BOPSDC","METROPOLITAN CORRECTIONAL CENTER SAN DIEGO CA"
"SFCOJCA","425 7TH STREET SAN FRANCISCO CA"
"SJCOJCA","7000 N. CANLIS BLVD FRENCH CAMP CA"
"SJUHOLD","LUIS MUNOZ MARIN IA SAN JUAN PR"
"SJUANNM","103 South Oliver Drive AZTEC NM"
"SJS","651 FEDERAL DRIVE, SUITE 104 GUAYNABO PR"
"SAJHOLD","7 TABONUCO ST., SUITE 100 GUAYNABO PR"
"SLOBICA","1585 KANSAS AVENUE SAN LUIS OBISPO CA"
"SLRDCAZ","406 NORTH AVENUE D SAN LUIS AZ"
"SMATECA","300 BRADFORD STREET REDWOOD CITY CA"
"SMJUVCA","21 TOWER ROAD SAN MATEO CA"
"SANMINM","26 NM 283 LAS VEGAS NM"
"SNMGLCO","851 63L ROAD TELLURIDE CO"
"SANPATX","300 NORTH RACHAL AVENUE SINTON TX"
"SPHOSCA","1300 W 7TH ST SAN PEDRO CA"
"SPP","2001 SEASIDE AVE. SAN PEDRO CA"
"SANDONM","100 MONTOYA ROAD BERNALILLO NM"
"BOPSST","P.O. BOX 999 SANDSTONE MN"
"SANJAIL","1 SHERIFFS PLAZA SPRINGFIELD IL"
"SACITCA","62 CIVIC CENTER PLAZA SANTA ANA CA"
"SANANCA","1050 CIVIC CENTER DRIVE SANTA ANA CA"
"SAAHOLD","34 CIVIC CENTER PLAZA SANTA ANA CA"
"SBARBCA","4436 CALLE REAL SANTA BARBRA CA"
"SCMENCA","ELMWOOD MEN'S FACILITY MILPITAS CA"
"SCSOUCA","SANTA CLARA COUNTY JAIL/SOUTH SAN JOSE CA"
"SCNORCA","885 NORTH SAN PEDRO ST SAN JOSE CA"
"SCRUZAZ","1250 NORTH HOHOKAM DRIVE NOGALES AZ"
"SCRUZCA","259 WATER STREET SANTA CRUZ CA"
"SFCORNM","4312 STATE HIGHWAY 14 SANTA FE NM"
"SANTANM","2515 CAMINO ENTRADA SANTA FE NM"
"SRITACA","5325 BRODER BOULEVARD DUBLIN CA"
"SARASFL","2020 MAIN ST SARASOTA FL"
"SARPYNE","1208 GOLDEN GATE DRIVE PAPILLION NE"
"SARJUNE","1257 GOLDENGATE DRIVE #8 PAPILLION NE"
"SSMHOLD","325 COURT SUITE #3 SAULT STE. MARIE MI"
"CACCJAM","5100 O'BRYNES FERRY ROAD JAMESTOWN CA"
"SCHNENY","320 VEEDER AVENUE SCHNECTADY NY"
"SCHOHNY","MAIN STREET, PO BOX  332 SCHOHARIE NY"
"BOPSCH","P.O. BOX 700 MINERSVILLE PA"
"SCOTTMO","211 S. NEW MADRID ST. BENTON MO"
"SCOTTMN","301 FULLER STREET SOUTH SHAKOPEE MN"
"SCOTTNE","1725 10TH ST GERING NE"
"BOPSEA","2113 N. HIGHWAY 75 SEAGOVILLE TX"
"MISS557","913 SEAL BEACH BLVD. SEAL BEACH CA"
"BOPSET","2425 S.200TH STREET SEATAC WA"
"SEAICDF","815 AIRPORT WAY SOUTH SEATTLE WA"
"SEAHOLD","12500 TUKWILLA INTL. SEATTLE WA"
"SEBASAR","801 SOUTH A STREET FORT SMITH AR"
"SEBJVAR","801 SOUTH ""A"" ST. FORT SMITH AR"
"SEDGWKS","141 W. ELM WICHITA KS"
"SENECNY","44 W. WILLIAM ST. CORNING NY"
"SENECOH","3040 SOUTH STATE HIGHWAY 100 TIFFIN OH"
"SEWARKS","112 E. 5TH LIBERAL KS"
"SFRHOLD","630 SANSOME ST. SAN FRANCISCO CA"
"SHACOKS","501 SOUTHEAST 8TH AVENUE TOPEKA KS"
"SHAJUKS","401 SE 8TH STREET TOPEKA KS"
"SHELBTN","201 POPLAR AVENUE MEMPHIS TN"
"SHELBKY","1000 DETENTION ROAD SHELBYVILLE KY"
"SHECOVA","109 WEST COURT STREET WOODSTOCK VA"
"SHERBMN","13880 UNITED STATES HIGHWAY 10 ELK RIVER MN"
"SHERIMT","100 WEST LAUREL AVENUE PLENTYWOOD MT"
"SHERIWY","54 WEST 13TH STREET SHERIDAN WY"
"BOPSHE","27072 SOUTHWEST BALLSTON ROAD SHERIDAN OR"
"SHOSHID","717 BANK ST WALLACE ID"
"VVSHOLD","400 TEXAS STREET, SUITE 900 SHREVEPORT LA"
"SILERTN","7609 STANDIFER GAP ROAD CHATTANOOGA TN"
"SIMPSMS","CHANCERY COURT BLDG. MENDENHALL MS"
"SXCHOLD","1400 PIERCE STREET SIOUX CITY IA"
"SIOUXIA","4363 IRONWOOD AVENUE ORANGE CITY IA"
"SFDHOLD","300 EAST 8TH STREET SIOUX FALLS SD"
"SITKAAK","304 LAKE STREET SITKA AK"
"SRJDFID","2515 WRIGHT AVENUE TWIN FALLS ID"
"SNJHOLD","1887 MONTEREY ROAD SAN JOSE CA"
"SNYDEPA","600 OLD COLONY ROAD SELINSGROVE PA"
"SOLONOH","33000 SOLON ROAD SOLON OH"
"SOMERPA","127 EAST FAIRVIEW STREET SOMERSET PA"
"SOMERME","131 EAST MADISON ROAD MADISON ME"
"SOBAYCA","500 3RD AVENUE CHULA VISTA CA"
"WVSCENT","1001 CENTRE WAY CHARLESTON WV"
"BASILLA","3843 STAGG AVENUE BASILE LA"
"STCDFTX","566 VETERANS DRIVE PEARSALL TX"
"STFRCTX","1925 WEST HIGHWAY 85 DILLEY TX"
"STHOSTX","1301 RANGERVILLE ROAD HARLINGEN TX"
"STDHOLD","566 VETERAN DRIVE PEARSALL TX"
"SOUTECO","149 COUNTY ROAD 517 IGNACIO CO"
"SPOKAWA","1100 WEST MALLON AVENUE SPOKANE WA"
"SPRNGOR","344 A STREET SPRINGFIELD OR"
"SPGHOLD","2401 W. OLD ROUTE 66 STRAFFORD MO"
"BOPSPG","1900 W. SUNSHINE SPRINGFIELD MO"
"STJOSMI","650 MAIN STREET CENTREVILLE MI"
"STJOSAZ","350 WEST THOMAS RD PHOENIX AZ"
"STLAWNY","5 JUDSON STREET CANTON NY"
"STMARCA","18300 CALIFORNIA 18 APPLE VALLEY CA"
"STMARAZ","1601 WEST SAINT MARYS ROAD TUCSON AZ"
"STCANVI","P.O. BOX 1100 SAINT CROIX VI"
"STCLAMO","360 CHESTNUT STREET OSCEOLA MO"
"STCROWI","1101 CARMICHAEL RD HUDSON WI"
"SEH","1100 ALABAMA AVENUE SOUTHEAST WASHINGTON DC"
"STFRAMO","1550 DOUBET ROAD FARMINGTON MO"
"STJOSIN","129 S. MAIN ST. SOUTH BEND IN"
"STJOSCA","1100 WEST STEWART DRIVE ORANGE CA"
"STLHOLD","1222 SPRUCE STREET ST. LOUIS MO"
"SLJUVMO","501 S. BRENTWOOD ST. LOUIS MO"
"STMDPLA","200 TEAL ST. LAKE CHARLES LA"
"SMPARLA","437 WEST MILLS AVENUE BREAUX BRIDGE LA"
"SMCORLA","400 ST MARTIN STREET ST MARTINVILLE LA"
"SMMEDLA","400 ST MARTIN STREET ST MARTINVILLE LA"
"STMRYIL","2233 WEST DIVISION STREET CHICAGO IL"
"SMARYMD","41880 BALDRIDGE STREET LEONARDTOWN MD"
"STTCJVI","HOSPITAL GADE AND VETERANS DRIVE CHARLOTTE AMALIE VI"
"STCGOVI","NORTH SIDE ROAD CHRISTIANSTED VI"
"STANTKS","208 N CHESTNUT ST JOHNSON KS"
"STARKOH","P.O.BOX 9279 CANTON OH"
"STARRTX","100 E. 6TH ST RIO GRANDE CITY TX"
"AKCCANC","625 C STREET ANCHORAGE AK"
"STEUBNY","7007 RUMSEY STREET EXTENSION BATH NY"
"STEVEWA","215 SOUTH OAK STREET COLVILLE WA"
"STWRTGA","146 CCA ROAD LUMPKIN GA"
"STK","22 EAST MARKET STREET STOCKTON CA"
"STONEMO","5TH AND MAPLE GALENA MO"
"STOPDIL","1629 NORTH MANNHEIM ROAD STONE PARK IL"
"STORYIA","1315 SOUTH B AVENUE NEVADA IA"
"STRAFNH","266 COUNTY FARM ROAD DOVER NH"
"STUHOLD","3500 SE COMMERCE AVE STUART FL"
"STUTSND","205 6TH STREET SE JAMESTOWN ND"
"SUFFONY","100 CENTER DRIVE RIVERHEAD NY"
"SUFFOMA","20 BRADSTON STREET BOSTON MA"
"SULPHLA","500 B N HUNTINGTON SULPHUR LA"
"SUMMICO","501 NORTH PARK AVENUE BRECKENRIDGE CO"
"SUMMIUT","6300 NORTH SILVER CREEK DRIVE PARK CITY UT"
"SUNNYWA","401 HOMER STREET SUNNYSIDE WA"
"SUSSEDE","23203 DUPONT BOULEVARD GEORGETOWN DE"
"SWEETMT","200 WEST 1ST AVENUE BIG TIMBER MT"
"SWEETWY","50140 UNITED STATES HIGHWAY 191 SOUTH ROCK SPRINGS WY"
"BOPTDG","565 EAST RENFROE ROAD TALLADEGA AL"
"TALHOLD","1530 COMMONWEALTH BUSINESS BLVD TALLAHASSEE FL"
"TAMHOLD","UNAVAILABLE TAMPA FL"
"TANGILA","101 CAMPO LANE AMITE LA"
"TARRATX","100 N. LAMAR ST. FT. WORTH TX"
"MATSHOS","23 SUMMER STREET TAUNTON MA"
"TAYLOTX","910 SOUTH 27TH STREET ABILENE TX"
"TAYLOIA","405 JEFFERSON STREET BEDFORD IA"
"TAYPDMI","23515 GODDARD ROAD TAYLOR MI"
"TXDCWOM","WARDEN PAMELA BAGGETT GATESVILLE TX"
"TXDOMIN","C/O WARDEN SAN ANTONIO TX"
"TEHAMCA","502 OAK STREET RED BLUFF CA"
"TELLECO","288 WEAVERVILLE ROAD DIVIDE CO"
"TEMPLCA","124 NORTH VIGNES STREET LOS ANGELES CA"
"TENSALA","8606 HWY 65 WATERPROOF LA"
"BOPTHA","HIGHWAY 63 SOUTH TERRE HAUTE IN"
"TETONWY","180 S. KING STREET JACKSON WY"
"MATEWKS","918 MAIN STREET TEWKSBURY MA"
"TEXARAR","100 NORTH STATELINE AVENUE TEXARKANA AR"
"BOPTEX","PO BOX 9500 TEXARKANA TX"
"TXAHOLD","UNAVAILABLE TEXARKANA AR"
"BRIJUTX","3103 WEST AVENUE SAN ANTONIO TX"
"TLACYCA","501 THE CITY DRIVE SOUTH ORANGE CA"
"THOMAKS","225 N. COURT COLBY KS"
"TXSJHAV","WARDEN BROWNWOOD TX"
"BOPTRV","P.O. BOX 4000 THREE RIVERS, TX"
"THURSWA","2000 LAKERIDGE DRIVE SW OLYMPIA WA"
"THURSNE","106 5TH STREET PENDER NE"
"TILLCOR","201 LAURAL AVENUE TILLAMOOK OR"
"TIOGANY","103 CORPORATE DRIVE OWEGO NY"
"TITUSTX","304 SOUTH VAN BUREN AVENUE MT. PLEASANT TX"
"TGREETX","122 WEST HARRIS AVENUE SAN ANGELO TX"
"SANTACR","2170 NORTH CONGRESS DRIVE NOGALES AZ"
"TOOELUT","47 SOUTH MAIN STREET TOOELE UT"
"TOOLEMT","235 DEER LODGE AVENUE SHELBY MT"
"TOORANM","COUNTY ROAD 49 ESTANCIA NM"
"TRAILND","118 WEST CALEDONIA AVENUE HILLSBORO ND"
"TRAVITX","C/O JAIL ADMINISTRATOR AUSTIN TX"
"TRENTMI","2872 WEST JEFFERSON TRENTON MI"
"TRICOIL","1026 SHAWNEE COLLEGE ROAD ULLIN IL"
"TRUMBOH","605 PANTHER AVE., SE WARREN OH"
"BOPTCN","8901 SOUTH WILMOT ROAD TUCSON AZ"
"TUCHOLD","6431 SOUTH COUNTRY CLUB ROAD TUCSON AZ"
"TULCOOK","300 NORTH DENVER AVENUE TULSA OK"
"TGKJLFL","7000 NW 41ST ST. MIAMI FL"
"TUSCAOH","2295 REISER AVENUE NPHILADELPHIA OH"
"TFALLID","425 SHOSHONE STREET NORTH TWIN FALLS ID"
"TFIHOLD","2496 ADDISON AVENUE EAST TWIN FALLS ID"
"DETHOLD","333 MT. ELLIOT AVE DETROIT MI"
"UINTAWY","77 COUNTY ROAD 109 EVANSTON WY"
"UINTCUT","204 EAST 100 NORTH VERNAL UT"
"NYULSTC","750 BERME RD NAPANOCH NY"
"ULSCONY","61 GOLDEN HILL DR KINGSTON NY"
"UMATCOR","4700 NORTHWEST PIONEER PLACE PENDLETON OR"
"DUTCHAK","29 SAFETY WAY UNALASKA AK"
"UNIONNM","200 COURT STREET CLAYTON NM"
"UNIONSD","BOX 117 ELK POINT SD"
"UNIONIA","302 NORTH PINE STREET CRESTON IA"
"UMIAHFL","1400 NW 12TH AVENUE MIAMI FL"
"UPSHUTX","405 N. TITUS GILMER TX"
"UPSTANY"," 750 E ADAMS ST # 5142 SYRACUSE NY"
"SPMHOLD","2901 METRO DRIVE STE 100 BLOOMINGTON MN"
"USMCO","901 19TH STREET DENVER CO"
"USMMD","101 WEST LOMBARD STREET BALTIMORE MD"
"USMOR","US MARSHAL'S OFFICE PORTLAND OR"
"USMS3TX","BENTSEN TOWER, 1701 W BUS HWY 83 MCALLEN TX"
"USMWDTN","167 NORTH MAIN STREET MEMPHIS TN"
"USMW1TX","655 E. DURANGO BLVD, STE 235 SAN ANTONIO TX"
"USMSDFL","205 FEDERAL COURTHOUSE SQUARE MIAMI FL"
"USMMDNC","324 W. MARKET ST. ROOM 234 GREENSBORO NC"
"USMSDMS","504 EAST COURT STREET JACKSON MS"
"USMVT","UNAVAILABLE BURLINGTON VT"
"USMWDLA","300 FANIN ST. #1202 SHREVEPORT LA"
"BOPTCP","9300 SOUTH WILMOT ROAD TUCSON AZ"
"BOPCAA","3057 EASTON TURNPIKE WAYMART PA"
"UTAHCUT","3075 NORTH MAIN STREET SPANISH FORK UT"
"VALVETX","253 FARM TO MARKET 2523 DEL RIO TX"
"VALJUTX","200 GRINER DEL RIO TX"
"VBHOSTX","2101 PEASE ST HARLINGEN TX"
"VANBUMI","205 SOUTH KALAMAZOO KALAMAZOO MI"
"VNBRNMI","46425 TYLER ROAD BELLEVILLE MI"
"VANCCO","490 COLFAX STREET DENVER CO"
"VRK","201 VARICK STREET NEW YORK NY"
"PRVEGAL","BO. ESPINOSA CARR. #2, KM 2.4 VEGA ALTA PR"
"VENTUCA","800 SOUTH VICTORIA AVENUE VENTURA CA"
"VENHOLD","275 SKYWAY DRIVE CAMARRILLO CA"
"VERMILA","14202 SAVORY ROAD, PO BOX 307 ABBEVILLE LA"
"VVGMCCA","15248 ELEVENTH STREET VICTORVILLE CA"
"VICTOTX","101 NORTH GLASS STREET VICTORIA TX"
"VIRBEVA","2501 JAMES MADISON BOULEVARD VIRGINIA BEACH VA"
"VADCORR","6900 ATMORE DRIVE RICHMOND VA"
"VPREGVA","9320 MERRIMAC TRAIL WILLIAMSBURG VA"
"VISTACA","VISTA COUNTY JAIL VISTA CA"
"WCCSDCA","WESTERN REG DET FAC 220 WEST C ST SAN DIEGO CA"
"WCTHOLD","800 FRANKLIN AVENUE WACO TX"
"WAKECNC","330 SOUTH SALISBURY STREET RALEIGH NC"
"WAKULFL","15 OAK STREET CRAWFORDVILLE FL"
"WALDOME","19 CONGRESS STREET BELFAST ME"
"WALKEGA","105 SOUTH DUKE STREET LAFAYETTE GA"
"WALKETX","751 FM 2821 RD W HUNTSVILLE TX"
"WALSHND","638 COOPER AVENUE GRAFTON ND"
"MIWPRPH","30901 PALMER ROAD WESTLAND MI"
"WALWOWI","1770 COUNTY ROAD NN ELKHORN WI"
"WAPLOIA","330 2ND STREET WEST OTTUMWA IA"
"WARCOTX","300 EAST 4TH MONAHANS TX"
"WARDCND","P.O. BOX 907 MINOT ND"
"WARREMO","104 W. MAIN WARRENTON MO"
"WARREKY","439 TENTH STREET BOWLING GREEN KY"
"WASATUT","1361 SOUTH UNITED STATES HIGHWAY 40 HEBER UT"
"BOPWAS","1000 UNIVERSITY DRIVE S.W. WASECA MN"
"WASHAWY","100 NORTH 10TH STREET WORLAND WY"
"WASHINE","1555 COLFAX STREET BLAIR NE"
"WASHIPA","100 WEST CHERRY AVENUE WASHINGTON PA"
"WAJUVMN","14900 NORTH 612ST STREET STILLWATER MN"
"WASHIMD","500 WESTERN MARYLAND PARKWAY HAGERSTOWN MD"
"WASHIAR","1155 WEST CLYDESDALE DRIVE FAYETTEVILLE AR"
"WAJAIMN","14900 NORTH 612ST. STREET STILLWATER MN"
"WASHICO","26861 UNITED STATES HIGHWAY 34 AKRON CO"
"WASHIME","83 COURT STREET MACHIAS ME"
"WASCONY","339 BROADWAY FORT EDWARD NY"
"WASHCIA","2179 LEXINGTON BOULEVARD WASHINGTON IA"
"WASHCUT","750 SOUTH 5400 WEST HURRICANE UT"
"WASHOLD","2675 PROSPERITY AVE. FAIRFAX VA"
"WASHONV","911 PARR BOULEVARD RENO NV"
"WASHTMI","2201 HOGBACK ROAD ANN ARBOR MI"
"WSYOUMI","2270 PLATT RD ANN ARBOR MI"
"WAUKEIL","420 ROBERT SABONJIAN STREET WAUKEGAN IL"
"WAUKEWI","515 WEST MORELAND WAUKESHA WI"
"WAYNENY","7368 STATE ROUTE 31 LYONS NY"
"WAYNEOH","201 WEST NORTH STREET WOOSTER OH"
"WEBCOTX","902 VICTORIA STREET LAREDO TX"
"WEBDCTX","9998 SOUTH HIGHWAY 83 LAREDO TX"
"WEBERUT","721 WEST 12TH STREET OGDEN UT"
"WELDJCO","2110 O STREET GREELEY CO"
"WBATOLA","1150 NORTHWEST DRIVE PORT ALLEN LA"
"WCJUVOH","2044 N COUNTY ROAD 25A TROY OH"
"WOAKSTX","3814 UNIVERSITY BOULEVARD HOUSTON TX"
"WTXDFTX","401 S. VAQUERO AVE. SIERRA BLANCA TX"
"WVREGWV","409 VIRGINIA STREET EAST CHARLESTON WV"
"WSTMCCA","1001 N. TUSTIN AVENUE SANTA ANA CA"
"WESPDIL","740 HILLGROVE AVE WESTERN SPRINGS IL"
"TNWESDF","6299 FINDE NAIFEH DRIVE MASON TN"
"WTREGVA"," 2402 GODWIN BOULEVARD SUFFOLK VA"
"WESHOLD","8200 WESTMINSTER BOULEVARD WESTMINSTER CA"
"WMLNDPA","2 NORTH MAIN STREET GREENSBURG PA"
"WHARTTX","605 EAST CALHOUN STREET EL CAMPO TX"
"WMHOSCA","1720 E CESAR CHAVEZ LOS ANGELES CA"
"WHITEMT","P.O. BOX 158 WHITEFISH MT"
"WHITFGA","805 PROFESSIONAL BLVD DALTON GA"
"WHICOWA","411 NORTH MILL COLFAX WA"
"WICHOLD","217 W 3RD ST. NORTH WICHITA KS"
"WICOMMD","411 NAYLOR MILL ROAD SALISBURY MD"
"AKWILPT","5 CHUGACH AVENUE KENAI AK"
"AKWILCC","#10 CHUGACH AVENUE KENAI AK"
"WCRDFTX","1601 BUFFALO DRIVE RAYMONDVILLE TX"
"WILLCTX","1800 INDUSTRIAL DRIVE RAYMONDVILLE TX"
"WAYNEMI","3501 HAMTRAMCK DRIVE DETROIT MI"
"WILLITX","306 WEST 4TH STREET GEORGETOWN TX"
"WILLITN","408 CENTURY COURT FRANKLIN TN"
"WILSOTX","C/O JAIL ADMINISTRATOR FLORESVILLE TX"
"HVHOSFL","1861 N.W. SOUTH RIVER DRIVE MIAMI FL"
"WINCOTX","1300 SOUTH BELLAIRE STREET KERMIT TX"
"WNBGOIL","650 W. STATE STREET ROCKFORD IL"
"WDMIAFL","1401 NW 7TH AVE. MIAMI FL"
"WOODBIA","407 7TH STREET SIOUX CITY IA"
"WOJUVIA","822 DOUGLAS ST SIOUX CITY IA"
"WORCEMD","5022 JOYNER ROAD SNOW HILL MD"
"WRIGHMN","10 2ND ST NORTHWEST BUFFALO MN"
"WRIGHIA","719 2ND STREET SOUTHWEST CLARION IA"
"WYATTRI","950 HIGH STREET CENTRAL FALLS RI"
"WYMCONY","151 NORTH MAIN STREET WARSAW NY"
"YIKIMWA","111 NORTH FRONT STREET YAKIMA WA"
"YAKHOLD","3701 RIVER ROAD YAKIMA WA"
"YAMCOOR","YAMHILL COUNTY COURTHOUSE MCMINNVILLE OR"
"YANCOSD","410 WALNUT STREET YANKTON SD"
"YATESNY","227 MAIN STREET PENN YAN NY"
"YAVCVAZ","2830 COMMONWEALTH DR #105 CAMP VERDE AZ"
"YAVAPAZ","255 EAST GURLEY STREET PRESCOTT AZ"
"BOPYAZ","2225 HALEY BARBOUR PARKWAY YAZOO CITY MS"
"BOPYAM","PO BOX 5888 YAZOO CITY MS"
"YELLOMT","3165 KING AVENUE EAST BILLINGS MT"
"YELYSMT","410 SOUTH 26TH ST. BILLINGS MT"
"CTYORCI","201 WEST MAIN STREET NIANTIC CT"
"YORCOSC","1675-3A YORK HWY YORK SC"
"YORKCME","1 LAYMAN WAY ALFRED ME"
"YORCOPA","3400 CONCORD ROAD YORK PA"
"YUBAJCA","215 5TH STREET MARYSVILLE CA"
"MIRPYUM","4030 SOUTH AVENUE A YUMA AZ"
"YUMAJCO","310 ASH STREET WRAY CO"
"YUMAJAZ","141 SOUTH 3RD AVENUE YUMA AZ"
"YUJUVAZ","2795 SOUTH AVENUE B YUMA AZ"
"YUMHOLD","3911 S. PICO AVE. YUMA AZ"
"ZAPCOTX","2311 STOP 23A ZAPATA TX"
"ZAVCOTX","200 E UVALDE STREET #5 CRYSTAL CITY TX"
